Income,Kidhome,Teenhome,Age,Partner,Education_Level,Clusters
58138.0,0,0,57,No,Graduate,3
46344.0,1,1,60,No,Graduate,3
71613.0,0,0,49,Yes,Graduate,4
26646.0,1,0,30,Yes,Graduate,2
58293.0,1,0,33,Yes,Postgraduate,1
62513.0,0,1,47,Yes,Postgraduate,4
55635.0,0,1,43,No,Graduate,0
33454.0,1,0,29,Yes,Postgraduate,2
30351.0,1,0,40,Yes,Postgraduate,2
5648.0,1,1,64,Yes,Postgraduate,2
51381.5,1,0,31,Yes,Graduate,2
7500.0,0,0,38,Yes,Undergraduate,2
63033.0,0,0,55,No,Graduate,3
59354.0,1,1,62,No,Postgraduate,3
17323.0,0,0,27,Yes,Graduate,2
82800.0,0,0,68,No,Postgraduate,3
41850.0,1,1,34,Yes,Graduate,2
37760.0,0,0,68,Yes,Graduate,4
76995.0,0,1,65,Yes,Postgraduate,4
33812.0,1,0,29,No,Undergraduate,0
37040.0,0,0,32,Yes,Graduate,2
2447.0,1,0,35,Yes,Graduate,2
58607.0,0,1,65,Yes,Postgraduate,4
65324.0,0,1,60,Yes,Postgraduate,4
40689.0,0,1,63,Yes,Graduate,4
18589.0,0,0,45,No,Graduate,0
53359.0,1,1,38,Yes,Graduate,2
51381.5,1,0,28,No,Graduate,0
38360.0,1,0,25,Yes,Graduate,2
84618.0,0,0,49,Yes,Postgraduate,1
10979.0,0,0,25,No,Postgraduate,0
38620.0,0,0,51,Yes,Postgraduate,4
40548.0,0,1,44,Yes,Graduate,2
46610.0,0,2,62,No,Postgraduate,3
68657.0,0,0,68,Yes,Postgraduate,4
49389.0,1,1,63,No,Postgraduate,3
67353.0,0,1,44,Yes,Postgraduate,1
23718.0,1,0,38,Yes,Undergraduate,2
42429.0,0,1,41,No,Graduate,0
48948.0,0,0,71,No,Postgraduate,3
80011.0,0,1,34,Yes,Graduate,1
20559.0,1,0,29,Yes,Postgraduate,2
21994.0,0,1,57,Yes,Graduate,2
51381.5,0,0,55,No,Postgraduate,3
7500.0,1,0,39,Yes,Postgraduate,2
79941.0,0,0,38,No,Graduate,1
7500.0,0,0,18,Yes,Undergraduate,2
41728.0,1,0,46,Yes,Graduate,2
51381.5,2,1,63,No,Graduate,3
72550.0,1,1,60,Yes,Postgraduate,4
65486.0,0,1,57,No,Graduate,3
79143.0,0,0,50,Yes,Postgraduate,4
35790.0,1,0,37,No,Graduate,0
82582.0,0,0,37,No,Graduate,1
66373.0,1,1,36,Yes,Graduate,1
82384.0,0,0,59,Yes,Postgraduate,4
70287.0,0,0,48,No,Graduate,3
27938.0,1,0,26,No,Graduate,0
51381.5,1,0,32,No,Graduate,0
55954.0,0,1,46,Yes,Postgraduate,4
75777.0,0,0,32,No,Postgraduate,1
66653.0,1,1,39,Yes,Graduate,1
61823.0,0,1,62,No,Graduate,3
67680.0,0,1,63,No,Postgraduate,3
70666.0,0,0,66,Yes,Graduate,4
25721.0,1,0,43,Yes,Graduate,2
32474.0,1,1,47,Yes,Graduate,2
88194.0,0,1,35,No,Undergraduate,1
69096.0,0,1,56,Yes,Graduate,4
74854.0,1,2,44,Yes,Graduate,1
66991.0,0,0,60,Yes,Postgraduate,4
51381.5,1,0,41,Yes,Undergraduate,2
65031.0,0,1,55,Yes,Graduate,4
60631.0,1,1,39,Yes,Postgraduate,1
28332.0,0,0,62,Yes,Graduate,4
40246.0,1,0,37,No,Graduate,0
75251.0,0,0,42,Yes,Postgraduate,1
75825.0,0,0,38,No,Graduate,1
26326.0,0,0,38,Yes,Undergraduate,2
56046.0,0,0,49,Yes,Graduate,4
29760.0,1,0,29,No,Graduate,0
26304.0,1,0,45,Yes,Graduate,2
23559.0,1,0,41,Yes,Undergraduate,2
38620.0,0,0,51,Yes,Postgraduate,4
81361.0,0,0,27,No,Graduate,1
29440.0,1,1,54,Yes,Graduate,2
36138.0,1,1,44,Yes,Postgraduate,2
50388.0,0,1,57,No,Graduate,3
79593.0,0,0,41,Yes,Graduate,1
54178.0,0,1,47,Yes,Graduate,4
51381.5,2,1,57,Yes,Postgraduate,4
51381.5,1,1,57,No,Graduate,3
51381.5,0,0,41,Yes,Postgraduate,2
42394.0,1,0,42,No,Postgraduate,0
23626.0,1,0,44,Yes,Postgraduate,2
30096.0,1,0,31,Yes,Graduate,2
47916.0,0,1,54,No,Graduate,3
51813.0,1,1,42,No,Graduate,0
78497.0,0,0,63,Yes,Undergraduate,4
50150.0,0,0,31,Yes,Postgraduate,2
47823.0,0,1,54,No,Undergraduate,3
34554.0,0,1,55,No,Postgraduate,3
85693.0,0,1,35,Yes,Graduate,1
65846.0,0,0,69,Yes,Postgraduate,4
87195.0,0,0,55,Yes,Graduate,4
24594.0,1,0,35,Yes,Undergraduate,2
49096.0,1,1,50,Yes,Graduate,4
52413.0,0,2,45,Yes,Graduate,2
38557.0,1,0,36,No,Graduate,0
89058.0,0,0,54,Yes,Postgraduate,4
77298.0,0,1,35,Yes,Graduate,1
68126.0,0,0,23,No,Postgraduate,1
57288.0,0,1,51,Yes,Postgraduate,4
86037.0,0,0,23,No,Graduate,1
43974.0,1,0,34,Yes,Postgraduate,2
50785.0,1,1,52,No,Graduate,3
90765.0,0,0,44,Yes,Graduate,1
36550.0,1,0,36,Yes,Undergraduate,2
30753.0,1,1,47,Yes,Undergraduate,2
21918.0,1,0,45,Yes,Graduate,2
56129.0,0,1,61,Yes,Postgraduate,4
32557.0,1,0,47,No,Postgraduate,0
19510.0,2,0,29,Yes,Postgraduate,2
30992.0,1,0,38,No,Graduate,0
101970.0,0,0,31,No,Graduate,1
71488.0,0,0,49,Yes,Undergraduate,4
79607.0,0,0,30,No,Graduate,1
54348.0,1,1,61,Yes,Postgraduate,4
51381.5,0,1,53,Yes,Postgraduate,4
77376.0,1,1,58,Yes,Postgraduate,4
62998.0,0,1,62,Yes,Graduate,4
61331.0,1,1,56,No,Postgraduate,3
73448.0,0,0,45,Yes,Graduate,1
51381.5,0,1,51,Yes,Graduate,4
41551.0,1,1,50,Yes,Postgraduate,4
62981.0,0,0,47,Yes,Postgraduate,4
9548.0,1,0,38,No,Undergraduate,0
33762.0,2,1,55,Yes,Postgraduate,4
35860.0,1,1,41,No,Postgraduate,0
36921.0,1,1,49,No,Postgraduate,0
92859.0,0,0,22,No,Postgraduate,1
65104.0,0,1,38,Yes,Postgraduate,1
86111.0,0,0,52,Yes,Graduate,4
68352.0,0,1,40,No,Postgraduate,1
41883.0,1,0,26,Yes,Graduate,2
59809.0,0,2,38,Yes,Graduate,1
23957.0,1,0,39,Yes,Graduate,2
38547.0,1,0,33,Yes,Graduate,2
35688.0,2,1,41,Yes,Undergraduate,2
49605.0,0,0,48,Yes,Postgraduate,4
59354.0,0,2,61,Yes,Postgraduate,4
65747.0,0,1,45,Yes,Graduate,1
46344.0,0,1,42,Yes,Undergraduate,2
34176.0,1,0,26,No,Graduate,0
61010.0,0,1,62,Yes,Postgraduate,4
69372.0,0,0,65,Yes,Graduate,4
49967.0,0,1,56,No,Graduate,3
60199.0,1,2,36,No,Graduate,1
55375.0,0,1,37,Yes,Graduate,1
80317.0,0,0,59,No,Graduate,3
30523.0,2,1,56,No,Postgraduate,3
70356.0,0,0,69,Yes,Postgraduate,4
23228.0,1,0,30,Yes,Graduate,2
74165.0,0,0,39,No,Postgraduate,1
117416.25,0,1,41,Yes,Postgraduate,1
43482.0,2,1,48,Yes,Graduate,2
62551.0,0,0,61,No,Graduate,3
52332.0,0,0,55,No,Graduate,3
66951.0,0,0,26,No,Graduate,1
26091.0,1,1,57,Yes,Graduate,2
33456.0,1,1,49,Yes,Graduate,2
28718.0,1,0,32,Yes,Graduate,2
50447.0,2,0,44,Yes,Graduate,2
53537.0,1,1,55,Yes,Postgraduate,4
52074.0,0,1,47,No,Graduate,3
80427.0,0,1,39,Yes,Postgraduate,1
83837.0,0,0,66,Yes,Postgraduate,4
38853.0,1,1,44,Yes,Postgraduate,2
38285.0,2,1,55,Yes,Graduate,4
78497.0,0,0,63,Yes,Undergraduate,4
51650.0,0,1,38,Yes,Postgraduate,2
16248.0,1,0,26,Yes,Undergraduate,2
66835.0,0,0,68,Yes,Postgraduate,4
30477.0,1,0,30,Yes,Postgraduate,2
28249.0,0,0,53,Yes,Undergraduate,2
25271.0,1,0,31,Yes,Graduate,2
32303.0,0,1,44,No,Postgraduate,0
61286.0,0,1,48,Yes,Graduate,4
74068.0,0,0,38,Yes,Graduate,1
45759.0,1,1,50,Yes,Postgraduate,4
24882.0,1,0,36,Yes,Undergraduate,2
66973.0,0,0,25,Yes,Postgraduate,1
36640.0,1,0,82,No,Undergraduate,3
38872.0,1,0,26,Yes,Graduate,2
51148.0,1,1,41,Yes,Graduate,2
31353.0,1,1,37,Yes,Graduate,2
69661.0,0,0,34,Yes,Postgraduate,1
80067.0,0,0,60,Yes,Graduate,4
86718.0,0,0,60,Yes,Graduate,4
46854.0,1,1,41,No,Postgraduate,0
69142.0,0,1,62,No,Graduate,3
75922.0,0,0,46,No,Graduate,3
63693.0,0,1,36,No,Graduate,1
102160.0,0,0,37,Yes,Postgraduate,1
40637.0,1,1,49,No,Postgraduate,0
18890.0,0,0,30,No,Postgraduate,0
29604.0,1,0,26,Yes,Graduate,2
48721.0,1,1,51,No,Postgraduate,3
44794.0,0,1,48,Yes,Graduate,2
64497.0,0,1,60,No,Graduate,3
46097.0,0,1,58,Yes,Graduate,4
77972.0,0,0,60,Yes,Graduate,4
44377.0,1,1,46,Yes,Postgraduate,2
46014.0,1,1,40,Yes,Postgraduate,2
70951.0,0,0,29,Yes,Graduate,1
41443.0,1,0,37,Yes,Graduate,2
52195.0,2,1,36,No,Undergraduate,0
83790.0,0,0,66,Yes,Postgraduate,4
44551.0,0,1,60,No,Postgraduate,3
69508.0,1,0,34,Yes,Graduate,1
45204.0,1,0,26,Yes,Undergraduate,2
72460.0,0,0,45,Yes,Graduate,1
77622.0,0,2,44,Yes,Postgraduate,1
30732.0,1,0,34,Yes,Postgraduate,2
63887.0,0,1,52,No,Graduate,3
42011.0,1,0,36,Yes,Graduate,2
51369.0,0,1,38,Yes,Graduate,2
51537.0,0,1,62,No,Graduate,3
79930.0,0,0,42,Yes,Postgraduate,1
34320.0,1,0,28,Yes,Postgraduate,2
37070.0,1,1,48,No,Graduate,0
81975.0,0,1,52,No,Undergraduate,3
38590.0,1,0,43,Yes,Graduate,2
15033.0,0,0,63,No,Graduate,0
62745.0,0,1,49,Yes,Postgraduate,4
22212.0,1,0,39,Yes,Undergraduate,2
23661.0,1,0,32,Yes,Postgraduate,2
79761.0,0,1,56,No,Postgraduate,3
7500.0,1,0,41,No,Graduate,0
60182.0,0,1,82,No,Undergraduate,3
73455.0,0,0,46,No,Graduate,3
64961.0,0,1,56,Yes,Graduate,4
22804.0,1,0,43,No,Graduate,0
73687.0,0,0,24,Yes,Graduate,1
61074.0,0,1,56,Yes,Graduate,4
31686.0,1,1,50,Yes,Postgraduate,2
80134.0,1,0,42,Yes,Graduate,1
75027.0,0,1,61,Yes,Graduate,4
67546.0,0,0,26,Yes,Postgraduate,1
65176.0,0,1,45,Yes,Postgraduate,1
31160.0,1,0,39,No,Postgraduate,0
29938.0,1,0,29,No,Graduate,0
102692.0,0,0,40,No,Graduate,1
26490.0,0,0,56,Yes,Undergraduate,2
75702.0,1,1,47,Yes,Graduate,1
30899.0,1,0,40,No,Postgraduate,0
63342.0,0,1,53,Yes,Postgraduate,4
45989.0,0,1,50,No,Graduate,3
18701.0,1,1,50,No,Graduate,0
40737.0,2,1,57,No,Postgraduate,3
15287.0,1,0,35,No,Graduate,0
69674.0,0,2,46,No,Postgraduate,3
44159.0,1,0,44,Yes,Postgraduate,2
37717.0,1,0,36,Yes,Postgraduate,2
43776.0,1,1,62,Yes,Postgraduate,4
38179.0,1,1,48,Yes,Postgraduate,2
80124.0,0,0,51,Yes,Graduate,4
38097.0,1,1,44,Yes,Postgraduate,2
72940.0,0,0,44,Yes,Graduate,1
22070.0,1,0,44,Yes,Graduate,2
69267.0,0,0,61,No,Graduate,3
31788.0,1,0,31,No,Postgraduate,0
61905.0,0,1,39,Yes,Postgraduate,1
29315.0,1,1,54,Yes,Graduate,2
33378.0,1,1,51,No,Graduate,0
66313.0,0,1,51,Yes,Postgraduate,4
60714.0,0,0,58,No,Graduate,3
77882.0,0,0,33,Yes,Postgraduate,1
69867.0,0,0,28,No,Postgraduate,1
63841.0,0,1,46,No,Postgraduate,3
24480.0,1,0,33,Yes,Undergraduate,2
51369.0,0,1,38,Yes,Graduate,2
37760.0,0,0,68,Yes,Graduate,4
65640.0,0,1,40,Yes,Postgraduate,1
44319.0,1,1,39,Yes,Postgraduate,2
30631.0,1,0,40,Yes,Graduate,2
75278.0,0,0,62,Yes,Graduate,4
50898.0,1,1,58,Yes,Postgraduate,4
79946.0,0,0,48,No,Graduate,3
35416.0,0,0,65,No,Postgraduate,3
32414.0,0,0,30,Yes,Undergraduate,2
38361.0,1,0,45,Yes,Graduate,2
82497.0,0,0,34,Yes,Graduate,1
16626.0,2,0,43,Yes,Graduate,2
29672.0,1,1,49,Yes,Graduate,2
55951.0,0,1,62,Yes,Postgraduate,4
35388.0,1,0,26,No,Undergraduate,0
42386.0,1,0,28,Yes,Postgraduate,2
68627.0,0,0,32,No,Graduate,1
57912.0,0,1,49,No,Postgraduate,3
35246.0,1,1,56,No,Graduate,3
58821.0,0,1,58,Yes,Undergraduate,4
46377.0,1,0,36,Yes,Postgraduate,2
39747.0,1,0,26,No,Graduate,0
23976.0,1,0,30,Yes,Graduate,2
80950.0,0,0,53,Yes,Postgraduate,4
27038.0,0,0,48,No,Graduate,0
77457.0,0,0,67,No,Graduate,3
64100.0,0,1,50,Yes,Postgraduate,4
42670.0,0,0,22,Yes,Postgraduate,2
12571.0,1,0,38,No,Graduate,0
22574.0,2,1,47,Yes,Graduate,2
51381.5,0,0,25,Yes,Graduate,2
70893.0,0,0,38,No,Postgraduate,1
54198.0,1,1,48,Yes,Graduate,4
28839.0,1,1,58,Yes,Postgraduate,4
40321.0,1,1,42,Yes,Graduate,2
66503.0,1,0,29,No,Graduate,1
30833.0,1,1,63,Yes,Graduate,4
51381.5,1,2,44,No,Graduate,0
64795.0,0,1,43,Yes,Graduate,1
34421.0,1,0,40,Yes,Graduate,2
47025.0,1,1,49,No,Postgraduate,3
64325.0,0,1,53,No,Postgraduate,3
40464.0,0,1,61,No,Graduate,3
62187.0,0,0,57,Yes,Graduate,4
14849.0,1,0,38,No,Postgraduate,0
27255.0,1,0,30,Yes,Graduate,2
54432.0,2,1,64,Yes,Postgraduate,4
29999.0,1,0,28,No,Postgraduate,0
24072.0,1,0,31,No,Graduate,0
33996.0,0,0,25,No,Postgraduate,0
66334.0,0,1,58,Yes,Postgraduate,4
35178.0,1,0,43,Yes,Postgraduate,2
22010.0,1,0,31,Yes,Graduate,2
62204.0,0,2,54,No,Graduate,3
75693.0,0,0,46,No,Graduate,3
30675.0,1,0,42,Yes,Graduate,2
83003.0,0,0,49,Yes,Graduate,1
83532.0,0,0,82,Yes,Postgraduate,4
68655.0,0,0,26,No,Graduate,1
41411.0,0,0,28,No,Graduate,0
55212.0,0,1,45,Yes,Postgraduate,4
59292.0,0,1,64,Yes,Postgraduate,4
27190.0,1,0,41,Yes,Undergraduate,2
82623.0,0,0,62,No,Graduate,3
44300.0,1,1,49,Yes,Graduate,2
84835.0,0,0,44,No,Graduate,1
30372.0,1,1,43,No,Graduate,0
33181.0,1,0,38,Yes,Postgraduate,2
71113.0,0,1,57,Yes,Graduate,4
71952.0,1,0,28,Yes,Graduate,1
69759.0,0,0,48,No,Postgraduate,3
72099.0,0,0,40,Yes,Graduate,1
60000.0,0,1,38,No,Postgraduate,1
38643.0,1,1,36,No,Graduate,0
50737.0,0,1,59,Yes,Graduate,4
68462.0,0,0,45,Yes,Postgraduate,1
65073.0,0,0,71,Yes,Postgraduate,4
46681.0,0,2,66,Yes,Postgraduate,4
78618.0,0,0,57,Yes,Graduate,4
62187.0,0,1,45,No,Postgraduate,3
28442.0,2,0,36,Yes,Graduate,2
37717.0,1,0,36,Yes,Postgraduate,2
51479.0,1,1,47,Yes,Graduate,4
54803.0,0,1,45,No,Graduate,3
79530.0,0,0,54,Yes,Graduate,4
31615.0,1,0,38,No,Graduate,0
72025.0,0,0,52,Yes,Graduate,4
52614.0,0,1,39,No,Postgraduate,0
35684.0,1,0,30,Yes,Undergraduate,2
48178.0,1,1,39,Yes,Graduate,2
29548.0,1,0,44,No,Postgraduate,0
63810.0,0,1,48,No,Graduate,3
38578.0,1,1,42,No,Postgraduate,0
46098.0,1,1,39,No,Postgraduate,0
22585.0,0,0,44,No,Graduate,0
30279.0,1,0,25,No,Graduate,0
66426.0,0,1,53,Yes,Postgraduate,4
30822.0,1,0,45,No,Graduate,0
33581.0,2,0,45,Yes,Postgraduate,2
19986.0,1,0,29,Yes,Graduate,2
27421.0,0,0,60,No,Graduate,3
35688.0,2,1,41,Yes,Undergraduate,2
36143.0,1,0,33,No,Postgraduate,0
10245.0,1,0,43,No,Graduate,0
43795.0,0,1,46,Yes,Postgraduate,2
63381.0,0,1,54,Yes,Graduate,4
38823.0,0,1,65,Yes,Graduate,4
83664.0,1,1,46,No,Postgraduate,3
90300.0,0,0,35,Yes,Graduate,1
62499.0,1,0,35,Yes,Postgraduate,1
74293.0,0,0,21,No,Graduate,1
51012.0,0,0,68,Yes,Postgraduate,4
70777.0,0,1,46,Yes,Postgraduate,1
68682.0,0,0,23,Yes,Postgraduate,1
43824.0,1,1,43,Yes,Graduate,2
15345.0,1,0,30,Yes,Graduate,2
23442.0,1,0,27,No,Graduate,0
14515.0,1,0,34,Yes,Undergraduate,2
31395.0,1,1,58,No,Undergraduate,3
75276.0,0,0,49,Yes,Graduate,4
42373.0,1,1,40,No,Graduate,0
30507.0,0,0,54,Yes,Graduate,2
55521.0,1,2,59,No,Postgraduate,3
48006.0,1,1,49,Yes,Graduate,4
27213.0,1,0,42,No,Postgraduate,0
65808.0,1,1,43,No,Postgraduate,3
30351.0,1,0,40,Yes,Postgraduate,2
50437.0,0,2,51,Yes,Graduate,4
23616.0,1,0,32,No,Undergraduate,0
53858.0,0,1,38,Yes,Graduate,2
66465.0,0,1,59,Yes,Postgraduate,4
46923.0,1,0,27,No,Graduate,0
75072.0,0,1,52,Yes,Graduate,4
75865.0,0,0,71,Yes,Postgraduate,4
19789.0,1,0,39,Yes,Undergraduate,2
80134.0,0,0,20,Yes,Graduate,1
91065.0,0,0,33,No,Graduate,1
49505.0,1,1,43,Yes,Postgraduate,2
37401.0,1,0,41,Yes,Postgraduate,2
30096.0,1,0,31,Yes,Graduate,2
18492.0,1,0,32,Yes,Postgraduate,2
82584.0,0,0,40,Yes,Postgraduate,1
93027.0,0,0,73,Yes,Postgraduate,4
48686.0,1,2,61,Yes,Graduate,4
92910.0,0,0,28,Yes,Graduate,1
75433.0,1,0,25,Yes,Graduate,1
10404.0,1,0,25,Yes,Undergraduate,2
61314.0,0,1,46,Yes,Graduate,4
84865.0,0,0,53,No,Postgraduate,3
42387.0,1,0,25,Yes,Graduate,2
67309.0,1,1,47,Yes,Undergraduate,1
75236.0,0,1,50,Yes,Graduate,4
30015.0,1,0,44,No,Graduate,0
50943.0,0,1,58,Yes,Postgraduate,4
67272.0,0,1,48,No,Graduate,3
51529.0,0,1,65,No,Postgraduate,3
32011.0,1,0,43,Yes,Postgraduate,2
7500.0,1,0,28,Yes,Undergraduate,2
28691.0,1,0,25,Yes,Graduate,2
56223.0,0,1,66,Yes,Postgraduate,4
18100.0,0,0,68,Yes,Graduate,4
30279.0,1,0,25,No,Graduate,0
20130.0,0,0,40,Yes,Undergraduate,2
23295.0,0,0,55,No,Graduate,0
42618.0,1,0,42,No,Postgraduate,0
81246.0,0,0,50,No,Graduate,3
24027.0,1,0,38,Yes,Graduate,2
55707.0,0,1,61,Yes,Postgraduate,4
57959.0,0,1,59,No,Graduate,3
56796.0,0,1,45,Yes,Graduate,4
36230.0,1,0,43,No,Postgraduate,0
70829.0,1,1,34,Yes,Undergraduate,1
65991.0,0,1,38,Yes,Graduate,1
38988.0,1,2,42,Yes,Graduate,2
89572.0,0,0,48,No,Undergraduate,3
42207.0,1,0,30,Yes,Postgraduate,2
50300.0,0,1,62,Yes,Graduate,4
66664.0,0,0,32,Yes,Undergraduate,1
60597.0,0,1,50,Yes,Graduate,4
70165.0,0,0,65,No,Graduate,3
50520.0,0,1,56,No,Postgraduate,3
80124.0,0,0,51,Yes,Graduate,4
33183.0,1,0,39,Yes,Graduate,2
66582.0,0,0,45,No,Postgraduate,3
75261.0,0,0,59,Yes,Postgraduate,4
31880.0,1,0,44,No,Graduate,0
53790.0,0,2,63,Yes,Graduate,4
49269.0,1,0,43,Yes,Postgraduate,2
61456.0,0,1,39,Yes,Graduate,1
37406.0,1,0,34,Yes,Graduate,2
56937.0,1,0,33,Yes,Postgraduate,1
38415.0,1,1,36,Yes,Graduate,2
20518.0,1,0,26,No,Graduate,0
62503.0,0,1,58,Yes,Graduate,4
41644.0,1,1,42,No,Postgraduate,0
55842.0,0,1,37,Yes,Postgraduate,1
62010.0,0,1,42,Yes,Postgraduate,1
41124.0,1,0,37,Yes,Graduate,2
38961.0,1,0,41,Yes,Postgraduate,2
37760.0,1,0,42,No,Postgraduate,0
32233.0,1,0,40,No,Graduate,0
43057.0,0,1,39,Yes,Graduate,2
83151.0,0,0,54,Yes,Postgraduate,4
78825.0,0,0,50,No,Postgraduate,3
65104.0,0,1,38,Yes,Postgraduate,1
60093.0,0,1,40,Yes,Graduate,1
14045.0,1,0,45,Yes,Graduate,2
28457.0,0,0,62,No,Undergraduate,3
78952.0,0,1,56,Yes,Postgraduate,4
46310.0,1,0,38,No,Graduate,0
76005.0,0,0,59,Yes,Graduate,4
58308.0,0,1,50,No,Postgraduate,3
55614.0,0,0,70,No,Postgraduate,3
59432.0,0,1,52,No,Postgraduate,3
55563.0,0,1,36,No,Graduate,0
78642.0,0,1,43,Yes,Postgraduate,1
67911.0,0,1,65,Yes,Postgraduate,4
65275.0,0,0,70,Yes,Graduate,4
27203.0,1,1,64,Yes,Graduate,4
48330.0,0,1,53,Yes,Postgraduate,4
24279.0,0,0,24,Yes,Undergraduate,2
64355.0,1,0,29,Yes,Postgraduate,1
50943.0,0,1,58,Yes,Postgraduate,4
53653.0,0,0,61,No,Graduate,3
65665.0,0,1,38,Yes,Graduate,1
81217.0,0,0,25,No,Graduate,1
34935.0,0,0,22,Yes,Graduate,2
61250.0,0,1,55,No,Graduate,3
39665.0,1,0,33,Yes,Postgraduate,2
60152.0,0,1,35,No,Graduate,1
48920.0,0,2,50,Yes,Graduate,4
89120.0,0,0,55,Yes,Postgraduate,4
44124.0,0,1,68,Yes,Postgraduate,4
81169.0,0,0,39,No,Postgraduate,1
36443.0,1,1,53,Yes,Graduate,2
26095.0,1,0,24,No,Graduate,0
71367.0,0,0,55,Yes,Graduate,4
80184.0,0,0,70,Yes,Postgraduate,4
30630.0,1,1,49,No,Graduate,0
73454.0,0,0,27,No,Postgraduate,1
42691.0,0,0,23,Yes,Graduate,2
70503.0,0,0,61,Yes,Graduate,4
25545.0,1,0,27,Yes,Graduate,2
32880.0,1,0,28,Yes,Graduate,2
77863.0,0,0,56,Yes,Postgraduate,4
50353.0,0,0,37,Yes,Postgraduate,2
61839.0,0,0,50,No,Graduate,3
49154.0,1,1,54,Yes,Postgraduate,4
47682.0,0,1,39,No,Undergraduate,0
72679.0,0,1,45,No,Graduate,3
57954.0,1,1,37,Yes,Postgraduate,1
65316.0,1,1,52,Yes,Graduate,4
28567.0,1,0,32,No,Graduate,0
47352.0,0,1,63,Yes,Postgraduate,4
44931.0,0,1,47,Yes,Graduate,2
76982.0,0,0,47,No,Graduate,3
57247.0,0,1,62,Yes,Undergraduate,4
22944.0,1,0,33,No,Postgraduate,0
25315.0,1,0,37,Yes,Undergraduate,2
43638.0,0,1,45,No,Graduate,0
42710.0,1,0,30,No,Postgraduate,0
84169.0,0,0,32,Yes,Postgraduate,1
54058.0,0,1,38,Yes,Graduate,2
24683.0,1,0,24,Yes,Undergraduate,2
85620.0,0,0,50,No,Graduate,3
47850.0,1,0,34,Yes,Graduate,2
19514.0,1,1,46,Yes,Graduate,2
27159.0,1,1,41,Yes,Postgraduate,2
39548.0,1,1,51,No,Undergraduate,0
21474.0,1,0,25,No,Graduate,0
60504.0,0,1,43,No,Postgraduate,3
22419.0,0,0,51,Yes,Graduate,2
81698.0,0,0,65,Yes,Postgraduate,4
43462.0,1,1,62,Yes,Graduate,4
54880.0,1,0,36,No,Postgraduate,0
79908.0,0,0,32,Yes,Graduate,1
15315.0,0,0,44,Yes,Undergraduate,2
87771.0,0,1,55,Yes,Graduate,4
33039.0,1,0,36,Yes,Graduate,2
81741.0,0,0,34,No,Graduate,1
71499.0,0,1,43,Yes,Postgraduate,1
62466.0,0,1,44,Yes,Undergraduate,1
48799.0,0,1,51,No,Postgraduate,3
52157.0,0,1,64,Yes,Postgraduate,4
66565.0,0,1,52,No,Graduate,3
29298.0,1,1,63,Yes,Postgraduate,4
47691.0,0,1,35,No,Graduate,0
38200.0,1,1,44,Yes,Graduate,2
44989.0,0,1,40,Yes,Graduate,2
38443.0,1,1,46,Yes,Postgraduate,2
38593.0,1,0,36,No,Undergraduate,0
64413.0,0,1,44,Yes,Postgraduate,1
36959.0,1,0,33,Yes,Postgraduate,2
61996.0,0,1,37,Yes,Postgraduate,1
51287.0,1,1,46,Yes,Graduate,2
13260.0,1,1,44,Yes,Graduate,2
47472.0,1,1,48,Yes,Postgraduate,4
54603.0,1,1,58,Yes,Postgraduate,4
45207.0,1,1,40,Yes,Postgraduate,2
40689.0,0,1,63,Yes,Graduate,4
47821.0,1,1,47,Yes,Undergraduate,2
27450.0,0,0,63,Yes,Postgraduate,4
39453.0,1,0,31,Yes,Graduate,2
26850.0,1,1,43,Yes,Undergraduate,2
79800.0,0,0,59,No,Graduate,3
61794.0,0,1,53,Yes,Postgraduate,4
53863.0,0,1,59,Yes,Graduate,4
24221.0,0,0,55,Yes,Graduate,2
39684.0,1,0,30,No,Postgraduate,0
92163.0,0,0,39,Yes,Postgraduate,1
69882.0,0,0,49,No,Postgraduate,3
33178.0,1,0,37,Yes,Graduate,2
59973.0,0,0,42,Yes,Postgraduate,1
17459.0,1,0,39,Yes,Postgraduate,2
23910.0,1,0,45,No,Graduate,0
42169.0,1,1,45,Yes,Postgraduate,2
26224.0,1,0,36,Yes,Undergraduate,2
31089.0,1,0,33,Yes,Graduate,2
30081.0,0,1,53,No,Graduate,0
62807.0,0,1,54,Yes,Graduate,4
72906.0,0,0,59,No,Graduate,3
61467.0,0,2,66,Yes,Postgraduate,4
49618.0,1,1,48,Yes,Postgraduate,4
21888.0,1,0,28,No,Postgraduate,0
42429.0,0,1,41,No,Graduate,0
26150.0,2,1,58,No,Graduate,3
30801.0,0,1,39,Yes,Undergraduate,2
81168.0,0,0,49,Yes,Graduate,1
26877.0,0,0,45,No,Postgraduate,0
45006.0,0,0,70,No,Postgraduate,3
18978.0,1,0,41,Yes,Undergraduate,2
22574.0,2,1,47,Yes,Graduate,2
48240.0,0,0,45,No,Postgraduate,0
45837.0,1,1,40,Yes,Graduate,2
35791.0,2,1,49,No,Postgraduate,0
117416.25,1,1,38,Yes,Postgraduate,1
54162.0,1,1,36,No,Graduate,0
30522.0,0,1,54,Yes,Postgraduate,4
54456.0,0,1,53,Yes,Postgraduate,4
31632.0,0,0,43,No,Graduate,0
72298.0,0,0,65,No,Graduate,3
36975.0,1,0,36,No,Undergraduate,0
72635.0,0,0,59,Yes,Undergraduate,4
13624.0,1,0,38,Yes,Graduate,2
84196.0,0,1,39,No,Graduate,1
70971.0,0,1,54,Yes,Graduate,4
34487.0,1,1,37,No,Postgraduate,0
28769.0,1,0,37,No,Graduate,0
69084.0,1,0,44,Yes,Postgraduate,1
65488.0,0,0,56,Yes,Postgraduate,4
62466.0,0,1,44,Yes,Undergraduate,1
32218.0,0,0,54,No,Undergraduate,0
83917.0,0,0,41,No,Graduate,1
46102.0,2,1,52,No,Graduate,3
84574.0,0,0,62,No,Graduate,3
56181.0,0,1,52,Yes,Graduate,4
63120.0,0,1,64,No,Postgraduate,3
73691.0,0,1,43,Yes,Graduate,1
63381.0,0,1,54,Yes,Graduate,4
76140.0,0,0,66,Yes,Postgraduate,4
62859.0,0,1,55,No,Postgraduate,3
45906.0,0,1,50,No,Graduate,3
77632.0,0,0,67,Yes,Postgraduate,4
46463.0,1,1,43,Yes,Postgraduate,2
105471.0,0,0,44,Yes,Graduate,1
55282.0,1,0,44,No,Postgraduate,3
78710.0,0,1,37,Yes,Postgraduate,1
66886.0,0,1,56,Yes,Graduate,4
98777.0,0,0,54,No,Postgraduate,3
29103.0,1,0,29,Yes,Graduate,2
67445.0,0,1,40,Yes,Graduate,1
50616.0,0,1,64,Yes,Postgraduate,4
49431.0,0,1,59,No,Graduate,3
117416.25,0,0,39,No,Graduate,1
61278.0,0,1,61,Yes,Graduate,4
26490.0,0,0,56,Yes,Undergraduate,2
73059.0,0,1,67,Yes,Postgraduate,4
46734.0,1,2,48,No,Postgraduate,3
56253.0,0,1,51,Yes,Graduate,4
19986.0,1,0,29,Yes,Graduate,2
58330.0,0,1,39,No,Graduate,0
25965.0,0,0,34,Yes,Undergraduate,2
14661.0,0,0,58,Yes,Postgraduate,2
18690.0,0,0,55,Yes,Graduate,2
45068.0,0,1,40,Yes,Postgraduate,2
21063.0,1,0,27,No,Undergraduate,0
29187.0,1,0,46,Yes,Postgraduate,2
54690.0,1,1,43,Yes,Undergraduate,2
59304.0,0,1,50,Yes,Postgraduate,4
59247.0,0,2,52,No,Postgraduate,3
66731.0,0,1,44,No,Graduate,3
77353.0,0,1,34,Yes,Graduate,1
52614.0,0,1,39,No,Postgraduate,0
26751.0,2,0,40,Yes,Graduate,2
81300.0,0,1,51,Yes,Postgraduate,4
70337.0,0,0,35,No,Graduate,1
36145.0,1,0,29,Yes,Undergraduate,2
65295.0,0,0,34,No,Postgraduate,1
68118.0,0,1,51,No,Graduate,3
68743.0,0,0,47,No,Graduate,3
41039.0,0,0,32,Yes,Undergraduate,2
38946.0,0,1,59,Yes,Graduate,4
65777.0,0,0,47,Yes,Graduate,4
66476.0,0,1,38,No,Postgraduate,1
86857.0,0,0,42,No,Postgraduate,1
117416.25,0,0,32,Yes,Postgraduate,1
77845.0,0,0,25,Yes,Postgraduate,1
69476.0,0,0,45,Yes,Postgraduate,1
50611.0,0,1,54,No,Postgraduate,3
61209.0,0,0,44,No,Graduate,3
42315.0,0,1,56,Yes,Postgraduate,4
13084.0,0,0,62,Yes,Undergraduate,2
47570.0,1,1,65,No,Postgraduate,3
61923.0,0,2,53,Yes,Postgraduate,4
34824.0,0,0,19,No,Graduate,0
26518.0,1,1,65,No,Postgraduate,3
45938.0,0,0,53,No,Graduate,3
78468.0,0,0,54,Yes,Graduate,4
78901.0,0,1,41,No,Graduate,1
71427.0,2,0,36,Yes,Graduate,1
71022.0,0,1,36,No,Graduate,1
90247.0,0,0,26,No,Postgraduate,1
41335.0,1,0,46,No,Postgraduate,0
71952.0,1,0,28,Yes,Graduate,1
35682.0,1,0,44,No,Postgraduate,0
43185.0,0,1,63,No,Graduate,3
66375.0,0,1,66,Yes,Postgraduate,4
35178.0,1,0,43,Yes,Postgraduate,2
25252.0,1,0,28,Yes,Graduate,2
55250.0,0,1,49,No,Postgraduate,3
33249.0,1,0,39,No,Graduate,0
58398.0,0,0,61,Yes,Graduate,4
50272.0,1,0,32,Yes,Graduate,2
76618.0,0,0,39,Yes,Postgraduate,1
87305.0,0,0,54,No,Undergraduate,3
25851.0,1,0,36,Yes,Graduate,2
58710.0,0,1,44,No,Graduate,3
45160.0,1,1,56,No,Graduate,3
74806.0,0,1,49,Yes,Postgraduate,4
59111.0,0,0,60,Yes,Graduate,4
18988.0,1,0,30,Yes,Postgraduate,2
72190.0,0,0,49,Yes,Graduate,4
7500.0,1,0,38,Yes,Graduate,2
44794.0,0,1,48,Yes,Graduate,2
80395.0,0,0,59,Yes,Graduate,4
75012.0,0,0,38,No,Postgraduate,1
56962.0,2,1,49,Yes,Postgraduate,4
89891.0,0,0,23,Yes,Graduate,1
35946.0,1,1,65,No,Postgraduate,3
53593.0,1,1,61,Yes,Postgraduate,4
66373.0,1,1,36,Yes,Graduate,1
45072.0,1,2,66,No,Postgraduate,3
89694.0,1,1,41,No,Graduate,1
72025.0,0,0,65,Yes,Graduate,4
67432.0,0,1,41,Yes,Graduate,1
70545.0,0,1,62,Yes,Postgraduate,4
17487.0,1,0,25,Yes,Undergraduate,2
62882.0,0,1,45,Yes,Graduate,1
64108.0,0,1,61,No,Postgraduate,3
34941.0,1,1,58,Yes,Postgraduate,4
48767.0,1,2,64,No,Postgraduate,3
38702.0,1,0,36,Yes,Undergraduate,2
82224.0,0,0,50,Yes,Graduate,4
83844.0,0,0,62,Yes,Graduate,4
17003.0,1,0,39,Yes,Undergraduate,2
71163.0,0,0,19,No,Graduate,1
33697.0,1,0,44,No,Graduate,0
63564.0,0,0,60,Yes,Undergraduate,4
83443.0,0,0,42,Yes,Postgraduate,1
51518.0,0,1,56,Yes,Postgraduate,4
58330.0,0,1,39,No,Graduate,0
80952.0,0,0,45,Yes,Graduate,1
75507.0,0,0,35,Yes,Graduate,1
63855.0,0,0,36,Yes,Undergraduate,1
62220.0,0,1,42,Yes,Postgraduate,1
58512.0,0,1,50,Yes,Graduate,4
40662.0,1,0,35,Yes,Postgraduate,2
38829.0,0,1,55,Yes,Postgraduate,4
35523.0,1,0,33,Yes,Undergraduate,2
79146.0,1,1,47,No,Graduate,3
78285.0,0,0,26,Yes,Postgraduate,1
31626.0,1,0,36,No,Postgraduate,0
75127.0,0,0,62,No,Graduate,3
48726.0,0,1,59,Yes,Graduate,4
74985.0,0,0,37,Yes,Graduate,1
67430.0,0,0,27,Yes,Graduate,1
46891.0,0,1,49,Yes,Undergraduate,2
62058.0,0,1,58,Yes,Postgraduate,4
72063.0,0,1,35,Yes,Graduate,1
78939.0,0,0,63,Yes,Postgraduate,4
42720.0,1,1,49,No,Graduate,0
33622.0,1,1,42,Yes,Graduate,2
6835.0,0,1,57,Yes,Postgraduate,2
41452.0,1,1,61,Yes,Graduate,4
40760.0,0,1,49,No,Postgraduate,0
74250.0,0,0,56,Yes,Postgraduate,4
51124.0,1,1,59,No,Postgraduate,3
72258.0,0,1,43,No,Graduate,1
71466.0,0,0,40,No,Postgraduate,1
36283.0,1,1,38,Yes,Graduate,2
20587.0,1,0,44,No,Graduate,0
30467.0,1,0,42,Yes,Graduate,2
31590.0,1,0,42,Yes,Graduate,2
20425.0,1,0,28,Yes,Undergraduate,2
17144.0,1,1,54,Yes,Postgraduate,2
42564.0,0,1,46,No,Postgraduate,0
43783.0,1,0,36,Yes,Postgraduate,2
40780.0,0,1,38,No,Graduate,0
62847.0,0,0,69,Yes,Postgraduate,4
82017.0,0,0,57,Yes,Postgraduate,4
16813.0,0,0,64,No,Graduate,3
51267.0,1,1,36,Yes,Graduate,2
46524.0,0,1,53,No,Graduate,3
45183.0,0,0,52,No,Postgraduate,3
70421.0,0,1,60,Yes,Postgraduate,4
60161.0,0,1,49,No,Undergraduate,3
73926.0,0,0,41,Yes,Graduate,1
19329.0,1,0,46,Yes,Graduate,2
61872.0,0,1,44,Yes,Postgraduate,1
46984.0,1,1,58,No,Graduate,3
34838.0,1,1,63,Yes,Graduate,4
82716.0,0,0,70,No,Postgraduate,3
48192.0,0,0,56,Yes,Graduate,4
49681.0,0,2,38,Yes,Postgraduate,2
56850.0,0,1,43,Yes,Postgraduate,1
55267.0,0,1,57,Yes,Graduate,4
59666.0,1,1,42,Yes,Graduate,1
72504.0,0,1,42,No,Graduate,1
26872.0,0,0,33,Yes,Graduate,2
21359.0,1,0,42,No,Graduate,0
73170.0,0,0,39,No,Graduate,1
52750.0,0,1,59,Yes,Postgraduate,4
91820.0,0,0,28,Yes,Postgraduate,1
65968.0,0,1,44,Yes,Postgraduate,1
30772.0,1,1,38,Yes,Graduate,2
22507.0,0,0,60,No,Graduate,3
65685.0,0,1,42,Yes,Graduate,1
25804.0,1,0,36,Yes,Undergraduate,2
76412.0,0,0,34,No,Postgraduate,1
22063.0,1,0,42,Yes,Graduate,2
57091.0,0,0,53,No,Graduate,3
22419.0,0,0,51,Yes,Graduate,2
87771.0,0,1,55,Yes,Graduate,4
78353.0,0,1,55,No,Undergraduate,3
93404.0,1,2,60,Yes,Graduate,4
37859.0,1,2,52,No,Graduate,0
80995.0,0,1,56,No,Postgraduate,3
16529.0,1,0,30,Yes,Graduate,2
55412.0,1,1,38,No,Postgraduate,0
48789.0,0,0,22,No,Graduate,0
56575.0,0,2,47,Yes,Postgraduate,4
25130.0,1,0,34,Yes,Undergraduate,2
35441.0,1,1,47,Yes,Graduate,2
71391.0,0,1,58,Yes,Graduate,4
49494.0,1,0,42,No,Postgraduate,0
81702.0,0,0,34,No,Graduate,1
45889.0,0,1,34,No,Undergraduate,0
56628.0,0,1,37,No,Graduate,0
34026.0,1,1,64,Yes,Graduate,4
40049.0,0,1,40,Yes,Graduate,2
34176.0,1,0,26,No,Graduate,0
19419.0,1,0,33,Yes,Graduate,2
82504.0,0,0,54,Yes,Undergraduate,4
81205.0,0,0,44,Yes,Graduate,1
61618.0,0,0,23,No,Undergraduate,1
55284.0,0,1,58,No,Postgraduate,3
49980.0,0,1,51,No,Graduate,3
15072.0,2,0,34,Yes,Graduate,2
49166.0,0,1,40,No,Graduate,0
65324.0,0,1,60,Yes,Postgraduate,4
82347.0,0,0,57,Yes,Undergraduate,4
30843.0,1,1,48,Yes,Postgraduate,2
46374.0,0,1,40,Yes,Postgraduate,2
60474.0,0,1,35,No,Graduate,1
38576.0,0,1,41,Yes,Postgraduate,2
55357.0,2,0,29,Yes,Graduate,1
37758.0,1,1,48,Yes,Graduate,2
85710.0,0,0,25,Yes,Undergraduate,1
23228.0,1,0,45,Yes,Graduate,2
44602.0,1,1,45,Yes,Postgraduate,2
7500.0,0,0,27,Yes,Graduate,2
38683.0,1,0,25,Yes,Undergraduate,2
49514.0,1,0,39,No,Undergraduate,0
57906.0,0,1,41,Yes,Postgraduate,1
43456.0,0,1,48,No,Postgraduate,0
19485.0,2,0,28,No,Postgraduate,0
53172.0,0,1,36,Yes,Graduate,2
30545.0,1,0,35,Yes,Graduate,2
70123.0,0,0,31,Yes,Postgraduate,1
62450.0,0,1,55,No,Graduate,3
21675.0,1,0,38,Yes,Graduate,2
42395.0,1,1,33,No,Undergraduate,0
61346.0,1,0,36,Yes,Postgraduate,1
80812.0,0,0,61,Yes,Graduate,4
42835.0,1,1,43,No,Postgraduate,0
39922.0,1,0,31,Yes,Graduate,2
86424.0,0,0,58,No,Postgraduate,3
17117.0,1,0,36,Yes,Undergraduate,2
24762.0,1,0,42,No,Graduate,0
35797.0,0,1,39,Yes,Graduate,2
36627.0,2,0,39,No,Graduate,0
51111.0,1,1,33,Yes,Undergraduate,2
86857.0,0,0,42,No,Postgraduate,1
82072.0,0,0,44,Yes,Postgraduate,1
46231.0,2,1,61,No,Postgraduate,3
42243.0,1,1,55,Yes,Graduate,4
51195.0,1,1,52,Yes,Graduate,4
68092.0,0,0,36,No,Postgraduate,1
31814.0,1,0,41,Yes,Graduate,2
51390.0,1,1,49,No,Postgraduate,3
76630.0,0,0,31,Yes,Graduate,1
26868.0,1,0,23,No,Undergraduate,0
48948.0,0,0,71,No,Postgraduate,3
55260.0,0,1,42,No,Postgraduate,0
64090.0,0,1,58,Yes,Graduate,4
78331.0,0,1,56,No,Graduate,3
37087.0,1,0,40,Yes,Postgraduate,2
21846.0,1,0,28,No,Graduate,0
81320.0,0,0,56,Yes,Graduate,4
54137.0,0,1,44,No,Graduate,0
66825.0,0,0,47,Yes,Graduate,4
57100.0,0,0,41,Yes,Graduate,1
58917.0,1,2,45,Yes,Graduate,1
85072.0,0,0,37,No,Graduate,1
86429.0,0,0,53,No,Graduate,3
45684.0,1,0,43,No,Graduate,0
47889.0,1,0,40,Yes,Graduate,2
45921.0,0,0,28,Yes,Postgraduate,2
78420.0,0,0,48,No,Postgraduate,3
75114.0,0,0,22,Yes,Graduate,1
52278.0,0,1,51,No,Postgraduate,3
35641.0,1,0,42,Yes,Postgraduate,2
95529.0,0,0,20,No,Graduate,1
62820.0,0,0,60,Yes,Graduate,4
73113.0,0,0,54,Yes,Postgraduate,4
84169.0,0,0,32,Yes,Postgraduate,1
42607.0,0,1,60,No,Undergraduate,3
74637.0,0,0,60,No,Postgraduate,3
46015.0,1,1,59,Yes,Postgraduate,4
72354.0,0,0,21,No,Graduate,1
39858.0,1,0,45,No,Postgraduate,0
34469.0,1,1,66,Yes,Postgraduate,4
83033.0,1,0,28,Yes,Graduate,1
24401.0,0,0,35,Yes,Postgraduate,2
77583.0,0,0,36,Yes,Graduate,1
74116.0,0,0,32,No,Undergraduate,1
74293.0,0,0,21,No,Graduate,1
68397.0,0,1,38,Yes,Postgraduate,1
79632.0,0,0,40,Yes,Postgraduate,1
46107.0,1,0,25,No,Graduate,0
64950.0,0,1,63,No,Postgraduate,3
25443.0,1,0,25,Yes,Undergraduate,2
75127.0,0,0,62,No,Graduate,3
32892.0,1,0,43,Yes,Postgraduate,2
71796.0,0,0,43,Yes,Graduate,1
67536.0,0,1,44,Yes,Postgraduate,1
55239.0,0,1,43,No,Graduate,0
60554.0,1,0,39,No,Postgraduate,1
64831.0,1,1,62,No,Undergraduate,3
56067.0,0,1,52,Yes,Postgraduate,4
82025.0,0,0,31,No,Graduate,1
94384.0,0,0,61,Yes,Graduate,4
14906.0,0,0,28,No,Undergraduate,0
51563.0,0,0,27,Yes,Postgraduate,1
57937.0,0,1,32,Yes,Undergraduate,1
68274.0,1,1,35,No,Graduate,1
39771.0,1,0,37,Yes,Graduate,2
67893.0,0,1,39,No,Undergraduate,1
27922.0,1,0,35,Yes,Postgraduate,2
52190.0,1,1,38,Yes,Postgraduate,1
44051.0,1,1,41,No,Postgraduate,0
42767.0,2,0,43,No,Postgraduate,0
46106.0,1,1,38,Yes,Postgraduate,2
16927.0,1,1,38,Yes,Postgraduate,2
59754.0,0,1,49,Yes,Graduate,4
53700.0,0,1,62,No,Graduate,3
59041.0,1,1,41,Yes,Graduate,1
54237.0,0,1,57,No,Postgraduate,3
70647.0,0,1,47,No,Graduate,3
52597.0,0,1,52,No,Postgraduate,3
41021.0,1,0,45,Yes,Postgraduate,2
40233.0,0,1,39,Yes,Postgraduate,2
50183.0,1,1,34,Yes,Graduate,2
54753.0,0,1,55,Yes,Graduate,4
92955.0,0,0,41,Yes,Graduate,1
33471.0,1,0,41,Yes,Graduate,2
34596.0,1,0,40,Yes,Postgraduate,2
44010.0,1,0,34,Yes,Graduate,2
84219.0,0,0,26,Yes,Graduate,1
40706.0,2,1,46,Yes,Postgraduate,2
15716.0,1,0,26,Yes,Undergraduate,2
59052.0,0,1,55,No,Undergraduate,3
80573.0,0,0,43,Yes,Postgraduate,1
83715.0,0,0,52,Yes,Graduate,4
82576.0,0,0,55,Yes,Postgraduate,4
56962.0,2,1,49,Yes,Postgraduate,4
35704.0,1,1,62,Yes,Graduate,4
53103.0,0,1,60,Yes,Graduate,4
46779.0,1,1,54,No,Undergraduate,3
4861.0,0,0,49,No,Graduate,0
33462.0,1,0,35,No,Postgraduate,0
63693.0,0,1,36,No,Graduate,1
80763.0,0,0,64,Yes,Graduate,4
65352.0,0,1,40,Yes,Postgraduate,1
82170.0,0,0,36,Yes,Postgraduate,1
75759.0,0,0,45,Yes,Graduate,1
79689.0,0,0,38,No,Undergraduate,1
35340.0,1,1,58,No,Postgraduate,3
85683.0,0,0,60,No,Graduate,3
24884.0,1,0,42,Yes,Undergraduate,2
42021.0,1,0,33,Yes,Postgraduate,2
64449.0,1,0,25,No,Graduate,1
64587.0,1,1,60,No,Graduate,3
34824.0,0,0,19,No,Graduate,0
75437.0,0,0,36,Yes,Graduate,1
26091.0,1,1,57,Yes,Graduate,2
52845.0,1,0,41,Yes,Graduate,2
46086.0,0,1,58,No,Graduate,3
78028.0,0,1,58,No,Postgraduate,3
95169.0,0,0,27,No,Postgraduate,1
56337.0,1,1,33,Yes,Undergraduate,1
22434.0,1,0,27,Yes,Graduate,2
36930.0,0,1,60,Yes,Postgraduate,4
36130.0,0,1,60,No,Graduate,3
65569.0,0,1,61,Yes,Postgraduate,4
83844.0,0,0,62,Yes,Graduate,4
19514.0,1,1,46,Yes,Graduate,2
36736.0,1,1,51,No,Postgraduate,0
77568.0,0,1,35,Yes,Graduate,1
49187.0,0,1,38,Yes,Postgraduate,2
30168.0,1,0,36,No,Graduate,0
34053.0,0,1,46,Yes,Postgraduate,2
38196.0,1,1,43,Yes,Postgraduate,2
59412.0,0,0,63,Yes,Postgraduate,4
70924.0,0,0,49,Yes,Undergraduate,4
54165.0,0,0,45,Yes,Graduate,4
32300.0,1,0,41,Yes,Graduate,2
20180.0,0,0,38,No,Graduate,0
34961.0,1,0,41,Yes,Graduate,2
28440.0,1,0,40,Yes,Postgraduate,2
64504.0,1,2,61,Yes,Postgraduate,4
33564.0,0,1,48,Yes,Postgraduate,2
17345.0,1,0,36,Yes,Graduate,2
56320.0,0,1,47,Yes,Postgraduate,4
28647.0,1,0,36,No,Graduate,0
15038.0,1,0,27,No,Undergraduate,0
32173.0,0,1,56,No,Postgraduate,3
68316.0,0,1,50,Yes,Undergraduate,4
74538.0,0,0,43,Yes,Graduate,1
91700.0,0,0,43,No,Graduate,1
68695.0,0,0,45,Yes,Graduate,1
31056.0,1,0,37,Yes,Undergraduate,2
79593.0,0,0,41,Yes,Graduate,1
28071.0,0,0,34,No,Graduate,0
37334.0,1,1,56,Yes,Postgraduate,4
46423.0,1,1,42,No,Postgraduate,0
37126.0,1,0,43,Yes,Postgraduate,2
47703.0,0,1,61,Yes,Graduate,4
61180.0,0,1,55,Yes,Graduate,4
38998.0,1,1,60,Yes,Graduate,4
8028.0,0,0,23,No,Graduate,0
76081.0,0,0,52,Yes,Graduate,4
34728.0,1,0,28,Yes,Graduate,2
33168.0,0,1,49,No,Postgraduate,0
33585.0,0,1,48,Yes,Postgraduate,2
77037.0,0,1,54,Yes,Postgraduate,4
35196.0,1,0,30,Yes,Graduate,2
44529.0,0,1,48,Yes,Graduate,2
70924.0,0,0,49,Yes,Undergraduate,4
28764.0,1,1,48,Yes,Postgraduate,2
69098.0,0,0,65,Yes,Postgraduate,4
25959.0,1,1,44,No,Undergraduate,0
27100.0,1,0,31,Yes,Postgraduate,2
70596.0,0,0,29,No,Graduate,1
42557.0,0,1,40,Yes,Graduate,2
53312.0,0,0,63,Yes,Postgraduate,4
72228.0,0,0,62,No,Graduate,3
67605.0,0,0,27,Yes,Graduate,1
62845.0,1,1,65,Yes,Postgraduate,4
65196.0,0,2,56,Yes,Graduate,4
42000.0,0,0,27,No,Postgraduate,0
35860.0,1,1,41,No,Postgraduate,0
65526.0,0,1,50,Yes,Postgraduate,4
16860.0,1,1,53,Yes,Graduate,2
83528.0,0,0,22,No,Graduate,1
64176.0,0,1,49,No,Undergraduate,3
22304.0,0,0,58,No,Graduate,0
67023.0,0,0,36,Yes,Graduate,1
32892.0,1,0,43,Yes,Postgraduate,2
70713.0,0,1,48,Yes,Graduate,4
59925.0,0,1,59,Yes,Graduate,4
39722.0,0,1,61,Yes,Graduate,4
46610.0,0,0,56,Yes,Graduate,4
88347.0,0,0,53,Yes,Graduate,4
87171.0,0,0,33,Yes,Postgraduate,1
26907.0,1,1,38,Yes,Undergraduate,2
50014.0,1,0,46,No,Postgraduate,3
41014.0,1,0,36,Yes,Postgraduate,2
66294.0,0,0,49,No,Graduate,3
36715.0,1,0,43,Yes,Graduate,2
79456.0,0,0,58,Yes,Graduate,4
40479.0,1,0,32,Yes,Graduate,2
75345.0,0,0,44,No,Postgraduate,3
54233.0,0,1,37,Yes,Graduate,1
24163.0,1,1,44,No,Graduate,0
84460.0,0,0,56,Yes,Postgraduate,4
43776.0,1,0,31,Yes,Graduate,2
71691.0,0,0,56,No,Postgraduate,3
85844.0,0,0,41,Yes,Postgraduate,1
39190.0,1,0,40,No,Postgraduate,0
71367.0,0,0,55,Yes,Graduate,4
38578.0,1,1,42,No,Postgraduate,0
57236.0,1,1,49,Yes,Postgraduate,4
61825.0,0,1,35,No,Graduate,1
79803.0,0,1,56,No,Graduate,3
80910.0,0,0,28,No,Undergraduate,1
27590.0,1,0,32,Yes,Postgraduate,2
56775.0,0,1,35,Yes,Graduate,1
83829.0,0,0,39,No,Graduate,1
54210.0,0,1,35,Yes,Undergraduate,2
38508.0,1,0,28,Yes,Graduate,2
53187.0,1,0,44,Yes,Graduate,2
30023.0,1,0,42,Yes,Graduate,2
76045.0,0,0,54,No,Postgraduate,3
50870.0,0,1,62,Yes,Postgraduate,4
15315.0,0,0,44,Yes,Undergraduate,2
65463.0,1,0,40,Yes,Undergraduate,1
66480.0,1,1,49,Yes,Graduate,4
76773.0,0,0,60,No,Graduate,3
81698.0,0,0,31,No,Undergraduate,1
54466.0,1,1,41,No,Postgraduate,0
98777.0,0,0,54,No,Postgraduate,3
16269.0,1,0,30,No,Postgraduate,0
71819.0,0,1,43,Yes,Graduate,1
33569.0,1,0,31,Yes,Postgraduate,2
36262.0,0,0,31,Yes,Postgraduate,2
22634.0,0,0,48,Yes,Undergraduate,2
47025.0,0,1,36,Yes,Undergraduate,2
70566.0,0,1,46,No,Graduate,3
31605.0,1,0,35,Yes,Postgraduate,2
52034.0,1,1,41,No,Postgraduate,0
48526.0,1,0,35,No,Graduate,0
46734.0,0,1,60,Yes,Graduate,4
39552.0,1,1,52,No,Graduate,3
86358.0,1,1,48,No,Graduate,3
46931.0,2,1,37,Yes,Graduate,2
16581.0,0,0,29,No,Undergraduate,0
63998.0,0,0,62,No,Undergraduate,3
67381.0,0,1,63,Yes,Postgraduate,4
25930.0,1,1,47,No,Graduate,0
42693.0,1,0,36,Yes,Graduate,2
85606.0,0,1,38,Yes,Graduate,1
72903.0,0,0,29,No,Graduate,1
49669.0,1,0,40,Yes,Undergraduate,2
36778.0,1,1,46,Yes,Postgraduate,2
85696.0,0,0,52,No,Postgraduate,3
10979.0,0,0,25,No,Postgraduate,0
49678.0,0,1,53,Yes,Graduate,4
56129.0,0,1,61,Yes,Postgraduate,4
37155.0,1,0,25,Yes,Graduate,2
21282.0,1,0,36,No,Undergraduate,0
33419.0,0,1,52,No,Postgraduate,0
63285.0,0,0,69,No,Graduate,3
21255.0,1,0,40,Yes,Postgraduate,2
42162.0,1,0,33,Yes,Graduate,2
54450.0,1,1,58,Yes,Graduate,4
57744.0,0,1,60,Yes,Postgraduate,4
26576.0,1,0,28,No,Graduate,0
57513.0,0,0,71,No,Postgraduate,3
68142.0,0,1,50,Yes,Graduate,4
7500.0,0,1,35,Yes,Graduate,2
83145.0,0,0,40,Yes,Graduate,1
54197.0,0,1,54,Yes,Postgraduate,4
23091.0,1,1,51,No,Postgraduate,0
46049.0,1,1,38,Yes,Graduate,2
56715.0,0,0,40,Yes,Graduate,1
79410.0,0,0,53,Yes,Graduate,4
57304.0,0,1,63,Yes,Graduate,4
44375.0,0,1,49,Yes,Graduate,2
54450.0,1,1,58,Yes,Graduate,4
59594.0,0,1,49,Yes,Graduate,4
80685.0,0,0,20,Yes,Graduate,1
40344.0,0,1,40,Yes,Postgraduate,2
62710.0,0,1,42,Yes,Graduate,1
48985.0,0,1,46,Yes,Undergraduate,2
35322.0,1,2,46,Yes,Graduate,2
77142.0,0,0,66,Yes,Graduate,4
81657.0,0,0,45,No,Graduate,1
14421.0,0,0,18,Yes,Undergraduate,2
20130.0,0,0,40,Yes,Undergraduate,2
74214.0,0,0,24,Yes,Postgraduate,1
66726.0,1,1,57,Yes,Postgraduate,4
23724.0,1,0,35,Yes,Undergraduate,2
47353.0,0,1,54,Yes,Postgraduate,4
33444.0,1,1,62,Yes,Postgraduate,4
54386.0,0,1,33,Yes,Graduate,1
28510.0,1,1,33,No,Graduate,0
90638.0,0,0,23,No,Postgraduate,1
48070.0,0,1,64,Yes,Graduate,4
43140.0,0,1,57,Yes,Graduate,4
54959.0,0,1,53,No,Postgraduate,3
15056.0,1,1,56,No,Undergraduate,0
26954.0,1,0,43,No,Graduate,0
22327.0,1,0,29,No,Graduate,0
44393.0,1,1,49,Yes,Graduate,2
62000.0,0,1,62,No,Postgraduate,3
31497.0,0,1,52,Yes,Postgraduate,2
45894.0,0,2,40,Yes,Undergraduate,2
78579.0,0,0,44,No,Postgraduate,1
67369.0,0,1,45,No,Postgraduate,3
58401.0,0,1,54,No,Graduate,3
62307.0,0,1,62,No,Graduate,3
43641.0,1,1,45,Yes,Postgraduate,2
63841.0,0,1,46,No,Postgraduate,3
46891.0,0,1,49,Yes,Undergraduate,2
70091.0,1,0,45,Yes,Postgraduate,1
78075.0,0,0,42,Yes,Postgraduate,1
59184.0,0,1,53,No,Undergraduate,3
54809.0,1,1,37,Yes,Graduate,1
58113.0,0,1,55,Yes,Graduate,4
51412.0,0,1,56,Yes,Postgraduate,4
15287.0,1,0,35,No,Graduate,0
66636.0,0,0,57,Yes,Postgraduate,4
50965.0,0,1,58,Yes,Postgraduate,4
84618.0,0,0,49,Yes,Postgraduate,1
18351.0,0,0,24,Yes,Graduate,2
40451.0,0,2,57,Yes,Postgraduate,4
36317.0,0,1,49,Yes,Graduate,2
42213.0,0,1,57,Yes,Graduate,4
65748.0,0,1,59,Yes,Graduate,4
77044.0,0,1,42,Yes,Graduate,1
74918.0,0,0,45,Yes,Graduate,1
56721.0,1,1,42,Yes,Graduate,1
42160.0,1,1,39,No,Graduate,0
61559.0,0,1,49,No,Graduate,3
33629.0,1,1,51,Yes,Postgraduate,2
68682.0,0,0,23,Yes,Postgraduate,1
34377.0,0,1,51,No,Graduate,0
8940.0,1,0,28,No,Undergraduate,0
26228.0,1,0,41,Yes,Graduate,2
77297.0,0,0,57,No,Undergraduate,3
40211.0,1,1,33,Yes,Graduate,2
33438.0,1,1,56,No,Postgraduate,3
75032.0,0,1,55,Yes,Postgraduate,4
61284.0,0,0,59,No,Postgraduate,3
22518.0,1,0,28,Yes,Graduate,2
54730.0,0,1,39,Yes,Postgraduate,1
38452.0,1,1,59,Yes,Postgraduate,4
44421.0,1,1,43,No,Graduate,0
38197.0,1,0,28,Yes,Postgraduate,2
41986.0,0,1,36,No,Graduate,0
28427.0,1,0,31,Yes,Graduate,2
37395.0,1,0,38,Yes,Postgraduate,2
64722.0,1,0,43,Yes,Graduate,1
55249.0,0,1,58,Yes,Postgraduate,4
84906.0,0,0,42,Yes,Graduate,1
28691.0,1,0,25,Yes,Graduate,2
44213.0,1,1,62,No,Graduate,3
25707.0,1,0,30,No,Undergraduate,0
59062.0,2,1,47,Yes,Postgraduate,4
76624.0,0,1,52,No,Graduate,3
66000.0,0,0,67,Yes,Postgraduate,4
27683.0,1,0,36,Yes,Postgraduate,2
1730.0,0,0,43,No,Graduate,0
7500.0,1,0,22,No,Undergraduate,0
40521.0,1,1,46,Yes,Graduate,2
20427.0,1,0,41,Yes,Postgraduate,2
65106.0,0,1,39,Yes,Graduate,1
69969.0,0,0,49,Yes,Postgraduate,4
67433.0,0,2,62,Yes,Graduate,4
77766.0,0,1,47,Yes,Postgraduate,1
74716.0,0,1,42,Yes,Graduate,1
68118.0,0,1,51,No,Graduate,3
55158.0,1,1,44,Yes,Postgraduate,4
62972.0,0,1,59,Yes,Undergraduate,4
74190.0,0,1,39,Yes,Graduate,1
39356.0,1,1,38,Yes,Graduate,2
76653.0,0,0,45,Yes,Graduate,1
35860.0,1,1,41,No,Postgraduate,0
90687.0,0,0,31,No,Postgraduate,1
73450.0,0,0,32,Yes,Postgraduate,1
31454.0,1,1,54,Yes,Graduate,2
47139.0,1,1,62,No,Graduate,3
83829.0,0,0,39,No,Graduate,1
53378.0,1,1,51,Yes,Postgraduate,4
19656.0,1,0,44,Yes,Graduate,2
45579.0,0,1,66,Yes,Postgraduate,4
85485.0,0,0,56,No,Undergraduate,3
55956.0,0,0,70,Yes,Graduate,4
64191.0,0,1,51,No,Postgraduate,3
38808.0,1,0,42,No,Graduate,0
57183.0,1,1,48,Yes,Postgraduate,4
23748.0,1,0,46,No,Postgraduate,0
66303.0,0,1,43,Yes,Graduate,1
37368.0,1,0,39,Yes,Postgraduate,2
40800.0,1,2,50,Yes,Graduate,2
71847.0,0,0,36,No,Graduate,1
46149.0,0,1,39,Yes,Graduate,2
78687.0,0,0,31,Yes,Graduate,1
49118.0,0,0,43,No,Undergraduate,0
37633.0,1,1,57,Yes,Postgraduate,4
39767.0,0,0,63,Yes,Postgraduate,4
26997.0,0,0,63,Yes,Undergraduate,4
33986.0,1,0,44,No,Graduate,0
57091.0,0,1,42,Yes,Postgraduate,1
46831.0,1,1,45,Yes,Undergraduate,2
83151.0,0,0,42,Yes,Postgraduate,1
52531.0,0,0,43,Yes,Graduate,2
15759.0,0,0,58,Yes,Graduate,2
22804.0,1,0,43,No,Graduate,0
43050.0,1,0,41,Yes,Undergraduate,2
42997.0,1,1,37,No,Postgraduate,0
48918.0,1,1,51,No,Postgraduate,3
60033.0,0,1,60,Yes,Postgraduate,4
34043.0,1,0,36,Yes,Postgraduate,2
57811.0,0,1,48,Yes,Graduate,4
78569.0,0,0,68,Yes,Graduate,4
7500.0,1,1,36,No,Graduate,0
117416.25,1,0,43,Yes,Postgraduate,1
94384.0,0,0,61,Yes,Graduate,4
23148.0,0,0,29,Yes,Undergraduate,2
44267.0,1,1,44,No,Graduate,0
71626.0,0,0,35,Yes,Graduate,1
60894.0,0,1,48,Yes,Graduate,4
50200.0,1,1,38,Yes,Graduate,2
81051.0,0,0,49,Yes,Postgraduate,4
65169.0,0,0,32,Yes,Graduate,1
59868.0,0,1,42,Yes,Graduate,1
65695.0,0,1,54,Yes,Postgraduate,4
64857.0,0,0,58,No,Postgraduate,3
45143.0,0,1,49,Yes,Postgraduate,4
74805.0,0,1,59,Yes,Undergraduate,4
59060.0,1,0,25,Yes,Undergraduate,1
27238.0,1,1,52,No,Postgraduate,0
47009.0,0,1,49,Yes,Graduate,4
46094.0,1,1,41,Yes,Undergraduate,2
40321.0,1,1,42,Yes,Graduate,2
37235.0,1,0,30,Yes,Graduate,2
81843.0,0,0,54,Yes,Postgraduate,4
46692.0,0,1,56,Yes,Postgraduate,4
77382.0,0,1,46,Yes,Graduate,1
37774.0,2,0,37,No,Graduate,0
18393.0,1,0,40,Yes,Undergraduate,2
72828.0,0,1,52,Yes,Postgraduate,4
24711.0,0,0,32,Yes,Graduate,2
45503.0,1,0,39,Yes,Postgraduate,2
6560.0,0,0,32,No,Postgraduate,0
71604.0,0,0,69,Yes,Postgraduate,4
27244.0,1,0,35,Yes,Graduate,2
48752.0,1,1,45,Yes,Graduate,2
71434.0,0,1,52,Yes,Graduate,4
90842.0,0,0,66,No,Graduate,3
88097.0,1,0,36,Yes,Postgraduate,1
51948.0,0,1,39,Yes,Graduate,2
71853.0,0,0,32,Yes,Graduate,1
35876.0,0,0,31,Yes,Postgraduate,2
40049.0,0,1,62,No,Graduate,3
39660.0,1,0,32,No,Graduate,0
50127.0,0,1,52,Yes,Graduate,4
43263.0,0,1,37,Yes,Postgraduate,2
62845.0,1,1,65,Yes,Postgraduate,4
18929.0,0,0,24,Yes,Graduate,2
24367.0,1,0,32,No,Undergraduate,0
33249.0,1,0,39,No,Graduate,0
26887.0,0,1,55,Yes,Undergraduate,2
50150.0,0,0,31,Yes,Postgraduate,2
62061.0,0,1,38,Yes,Graduate,1
85696.0,0,0,52,No,Postgraduate,3
76542.0,0,0,58,Yes,Postgraduate,4
70515.0,0,0,21,No,Graduate,1
18227.0,1,0,27,Yes,Graduate,2
69139.0,0,1,49,Yes,Graduate,4
69109.0,0,0,32,Yes,Graduate,1
69627.0,0,1,52,No,Graduate,3
38136.0,1,0,36,Yes,Graduate,2
62159.0,0,0,68,No,Postgraduate,3
80695.0,0,0,51,No,Graduate,3
33316.0,1,1,43,No,Postgraduate,0
58554.0,1,1,46,Yes,Graduate,4
17256.0,1,0,22,Yes,Undergraduate,2
53034.0,1,1,40,No,Graduate,0
52203.0,0,0,64,Yes,Undergraduate,4
59601.0,0,1,37,No,Undergraduate,0
75154.0,0,1,56,No,Postgraduate,3
47025.0,0,1,38,No,Graduate,0
37971.0,1,0,41,Yes,Graduate,2
41335.0,1,0,46,No,Postgraduate,0
67267.0,0,1,56,Yes,Graduate,4
57338.0,0,1,39,No,Graduate,0
50523.0,1,1,54,Yes,Undergraduate,4
35791.0,2,1,49,No,Postgraduate,0
50611.0,0,1,54,No,Postgraduate,3
56242.0,0,1,45,Yes,Postgraduate,4
48904.0,0,1,54,No,Graduate,3
56243.0,1,2,39,No,Graduate,0
21355.0,1,0,29,Yes,Graduate,2
57420.0,0,1,43,Yes,Postgraduate,1
51381.5,0,1,44,Yes,Postgraduate,4
46390.0,0,1,59,No,Postgraduate,3
54342.0,1,1,58,Yes,Undergraduate,4
51381.5,1,1,56,Yes,Graduate,4
51381.5,1,1,50,No,Undergraduate,3
20895.0,1,0,41,Yes,Graduate,2
92344.0,0,0,66,Yes,Graduate,4
51381.5,1,0,42,Yes,Postgraduate,2
26907.0,1,1,38,Yes,Undergraduate,2
44964.0,1,1,34,Yes,Graduate,2
75507.0,0,0,35,Yes,Graduate,1
53761.0,1,1,42,Yes,Postgraduate,1
22682.0,1,0,41,Yes,Graduate,2
38887.0,1,0,42,Yes,Postgraduate,2
41658.0,1,1,39,No,Undergraduate,0
29791.0,1,0,42,Yes,Postgraduate,2
63915.0,0,2,58,Yes,Postgraduate,4
39996.0,1,1,40,No,Graduate,0
26759.0,1,0,42,No,Graduate,0
63841.0,0,1,46,No,Postgraduate,3
51039.0,1,1,45,Yes,Postgraduate,4
60544.0,1,1,53,Yes,Graduate,4
65685.0,0,1,42,Yes,Graduate,1
37716.0,0,1,61,Yes,Graduate,4
36864.0,0,1,57,No,Graduate,3
44511.0,1,0,44,Yes,Postgraduate,2
36947.0,1,1,47,Yes,Postgraduate,2
47352.0,0,1,63,Yes,Postgraduate,4
67087.0,0,1,61,Yes,Postgraduate,4
57045.0,0,1,64,Yes,Graduate,4
36957.0,1,1,61,No,Postgraduate,3
69389.0,0,1,37,Yes,Postgraduate,1
80134.0,1,0,42,Yes,Graduate,1
43142.0,1,1,45,Yes,Postgraduate,2
80589.0,0,0,70,Yes,Graduate,4
34412.0,1,0,24,No,Graduate,0
57537.0,1,0,35,No,Graduate,0
22634.0,0,0,48,Yes,Undergraduate,2
51315.0,0,0,66,Yes,Graduate,4
36026.0,2,1,42,Yes,Graduate,2
24639.0,1,1,41,Yes,Graduate,2
34578.0,2,1,42,Yes,Postgraduate,2
65704.0,0,0,42,No,Undergraduate,1
63810.0,0,1,48,No,Graduate,3
54132.0,0,1,45,Yes,Postgraduate,4
18690.0,0,0,55,Yes,Graduate,2
28164.0,1,0,44,Yes,Graduate,2
34596.0,1,0,40,Yes,Postgraduate,2
43269.0,1,0,42,Yes,Postgraduate,2
38741.0,1,1,56,No,Undergraduate,3
31907.0,0,0,42,No,Graduate,0
27100.0,1,0,31,Yes,Postgraduate,2
31163.0,1,0,41,No,Undergraduate,0
92533.0,0,0,29,Yes,Graduate,1
34853.0,1,1,41,No,Graduate,0
70844.0,1,1,47,No,Graduate,3
31086.0,1,1,35,Yes,Undergraduate,2
60544.0,1,1,53,Yes,Graduate,4
20491.0,0,0,28,Yes,Undergraduate,2
42523.0,0,0,50,Yes,Graduate,2
39922.0,1,0,31,Yes,Graduate,2
33402.0,1,1,62,Yes,Graduate,4
36408.0,1,1,65,Yes,Postgraduate,4
21645.0,1,0,35,Yes,Graduate,2
78427.0,0,0,66,No,Postgraduate,3
82657.0,0,0,68,Yes,Graduate,4
51876.0,0,0,56,Yes,Graduate,4
78041.0,0,0,43,Yes,Undergraduate,1
52852.0,0,1,57,Yes,Graduate,4
70038.0,0,0,32,Yes,Postgraduate,1
69401.0,0,1,41,Yes,Undergraduate,1
46053.0,1,0,42,Yes,Graduate,2
77343.0,0,0,49,Yes,Graduate,4
73892.0,0,0,61,No,Graduate,3
40304.0,1,0,47,No,Postgraduate,0
32727.0,0,0,49,Yes,Postgraduate,2
68695.0,0,0,45,Yes,Graduate,1
43300.0,0,1,43,No,Graduate,0
26290.0,1,1,42,Yes,Graduate,2
93790.0,0,0,44,No,Graduate,1
38410.0,0,0,40,Yes,Postgraduate,2
64866.0,0,1,64,No,Postgraduate,3
57957.0,0,1,55,Yes,Graduate,4
46015.0,1,1,59,Yes,Postgraduate,4
16531.0,1,0,36,Yes,Graduate,2
28072.0,1,0,28,Yes,Postgraduate,2
49476.0,0,1,51,No,Postgraduate,3
50725.0,0,1,61,Yes,Graduate,4
83844.0,0,0,62,Yes,Graduate,4
41145.0,1,1,64,Yes,Postgraduate,4
67419.0,0,1,44,Yes,Graduate,1
23162.0,1,1,44,Yes,Undergraduate,2
34380.0,1,0,37,Yes,Graduate,2
34704.0,0,1,48,No,Graduate,0
94871.0,0,2,45,Yes,Postgraduate,1
65148.0,0,1,56,Yes,Graduate,4
39898.0,0,1,60,Yes,Graduate,4
64857.0,0,0,58,No,Postgraduate,3
59892.0,0,1,44,Yes,Postgraduate,1
41020.0,0,0,27,No,Postgraduate,0
57072.0,0,1,53,Yes,Postgraduate,4
60474.0,0,1,35,No,Graduate,1
62807.0,0,1,54,Yes,Graduate,4
19414.0,1,0,33,Yes,Undergraduate,2
19107.0,1,0,34,Yes,Graduate,2
75484.0,0,1,38,Yes,Undergraduate,1
70379.0,0,1,38,No,Postgraduate,1
79419.0,0,0,44,Yes,Postgraduate,1
64014.0,2,1,68,Yes,Postgraduate,4
76998.0,0,1,59,Yes,Graduate,4
49854.0,1,0,42,Yes,Postgraduate,2
60585.0,1,1,43,Yes,Postgraduate,1
42873.0,1,1,64,No,Postgraduate,3
87679.0,0,0,26,Yes,Graduate,1
57867.0,1,0,36,Yes,Graduate,1
35765.0,1,0,24,Yes,Graduate,2
65492.0,0,0,55,Yes,Graduate,4
32952.0,1,0,37,No,Graduate,0
53374.0,0,1,45,Yes,Postgraduate,4
71706.0,0,1,55,Yes,Graduate,4
68487.0,0,0,26,Yes,Graduate,1
53253.0,1,1,39,Yes,Postgraduate,1
31163.0,1,0,41,No,Undergraduate,0
42014.0,1,0,37,Yes,Graduate,2
54108.0,1,1,41,Yes,Postgraduate,1
49667.0,0,0,59,No,Postgraduate,3
63206.0,0,0,40,Yes,Postgraduate,1
57136.0,1,1,42,Yes,Postgraduate,1
46772.0,0,1,39,Yes,Undergraduate,2
78931.0,0,0,43,Yes,Postgraduate,1
53977.0,0,1,56,Yes,Graduate,4
84219.0,0,0,26,Yes,Graduate,1
46098.0,1,1,39,No,Postgraduate,0
73538.0,0,1,49,Yes,Graduate,4
79529.0,0,0,28,Yes,Graduate,1
20981.0,0,0,37,Yes,Undergraduate,2
51766.0,1,0,34,No,Graduate,0
55759.0,0,1,52,Yes,Graduate,4
33039.0,1,0,36,Yes,Graduate,2
37787.0,1,0,42,Yes,Postgraduate,2
27242.0,1,0,44,No,Graduate,0
87188.0,0,0,31,No,Postgraduate,1
69930.0,0,0,43,Yes,Graduate,1
37697.0,1,0,38,No,Graduate,0
37401.0,1,0,41,Yes,Postgraduate,2
3502.0,1,0,41,No,Graduate,0
58597.0,1,1,38,Yes,Graduate,1
82032.0,0,0,66,No,Postgraduate,3
28087.0,1,1,56,Yes,Graduate,2
74004.0,0,0,27,No,Postgraduate,1
19740.0,0,1,54,Yes,Graduate,2
57036.0,0,1,39,Yes,Undergraduate,1
53083.0,1,1,56,Yes,Undergraduate,4
69283.0,0,1,39,Yes,Postgraduate,1
46098.0,1,1,39,No,Postgraduate,0
23331.0,1,0,26,Yes,Undergraduate,2
23331.0,1,0,26,No,Undergraduate,0
9255.0,1,0,25,No,Graduate,0
67786.0,0,0,55,No,Postgraduate,3
71969.0,0,1,43,Yes,Postgraduate,1
59235.0,1,0,47,No,Postgraduate,3
31928.0,1,0,25,Yes,Graduate,2
74881.0,1,1,53,Yes,Postgraduate,4
65819.0,0,0,36,Yes,Graduate,1
51411.0,1,2,61,No,Postgraduate,3
51983.0,0,1,50,No,Graduate,3
42386.0,1,0,28,Yes,Postgraduate,2
30390.0,0,0,27,Yes,Undergraduate,2
30983.0,0,0,51,No,Graduate,0
66033.0,0,1,57,No,Graduate,3
37284.0,1,1,39,Yes,Undergraduate,2
57530.0,0,1,63,No,Postgraduate,3
76800.0,0,0,49,Yes,Undergraduate,1
63943.0,0,1,58,Yes,Graduate,4
76081.0,0,0,52,Yes,Graduate,4
67445.0,0,1,40,Yes,Graduate,1
37054.0,1,1,47,Yes,Postgraduate,2
47175.0,1,1,52,Yes,Postgraduate,4
31859.0,1,0,38,No,Graduate,0
27215.0,2,1,53,No,Graduate,0
70179.0,0,1,38,No,Postgraduate,1
39922.0,1,0,31,Yes,Graduate,2
49681.0,0,2,38,Yes,Postgraduate,2
24645.0,1,0,26,Yes,Graduate,2
79865.0,0,1,60,No,Graduate,3
44322.0,1,0,29,Yes,Graduate,2
47958.0,0,1,62,No,Graduate,3
63972.0,0,1,50,No,Postgraduate,3
75315.0,0,1,60,Yes,Graduate,4
55517.0,1,1,64,Yes,Postgraduate,4
75283.0,1,2,57,Yes,Postgraduate,4
82800.0,0,0,68,No,Postgraduate,3
38998.0,1,1,60,Yes,Graduate,4
90638.0,0,0,23,No,Postgraduate,1
27161.0,1,0,28,Yes,Postgraduate,2
42014.0,1,0,37,Yes,Graduate,2
38201.0,0,1,54,Yes,Postgraduate,4
45203.0,2,0,32,Yes,Graduate,2
81574.0,0,0,67,Yes,Postgraduate,4
34935.0,0,0,22,Yes,Graduate,2
60482.0,0,1,38,No,Postgraduate,1
34633.0,2,1,58,Yes,Graduate,4
78093.0,0,0,67,Yes,Postgraduate,4
82460.0,0,0,64,No,Graduate,3
45903.0,0,1,48,Yes,Postgraduate,4
81361.0,0,0,27,No,Graduate,1
35860.0,1,1,41,No,Postgraduate,0
40442.0,1,1,62,Yes,Postgraduate,4
61482.0,0,0,49,Yes,Graduate,4
34968.0,1,0,34,Yes,Graduate,2
75794.0,0,0,27,Yes,Graduate,1
31497.0,0,1,52,Yes,Postgraduate,2
74268.0,0,0,59,Yes,Graduate,4
13724.0,1,0,26,Yes,Undergraduate,2
45143.0,0,1,49,Yes,Postgraduate,4
52569.0,0,1,47,No,Postgraduate,3
48432.0,0,1,41,No,Postgraduate,0
17144.0,1,1,54,Yes,Postgraduate,2
36108.0,1,0,30,No,Graduate,0
76445.0,1,0,43,Yes,Graduate,1
36663.0,1,0,39,Yes,Postgraduate,2
53843.0,0,1,49,Yes,Postgraduate,4
90226.0,0,0,58,Yes,Postgraduate,4
70638.0,0,0,59,No,Postgraduate,3
44512.0,1,1,54,Yes,Graduate,4
27116.0,1,1,53,Yes,Graduate,2
54072.0,1,1,51,Yes,Postgraduate,4
71855.0,0,1,37,Yes,Graduate,1
51250.0,1,0,24,No,Undergraduate,0
60432.0,0,1,41,Yes,Postgraduate,1
65526.0,0,1,50,Yes,Postgraduate,4
68655.0,0,0,26,No,Graduate,1
12393.0,0,0,36,Yes,Undergraduate,2
64509.0,0,0,24,No,Graduate,1
33955.0,1,0,39,No,Graduate,0
31353.0,1,1,37,Yes,Graduate,2
55434.0,1,0,30,Yes,Graduate,1
28359.0,1,0,31,Yes,Graduate,2
57100.0,1,0,27,No,Graduate,0
69139.0,0,1,49,Yes,Graduate,4
52973.0,0,1,58,Yes,Postgraduate,4
51717.0,0,1,49,Yes,Postgraduate,4
18793.0,1,0,43,Yes,Graduate,2
66664.0,0,0,32,Yes,Undergraduate,1
50664.0,1,1,55,No,Graduate,3
54414.0,1,1,51,Yes,Graduate,4
54549.0,0,1,62,Yes,Postgraduate,4
47111.0,0,1,43,No,Postgraduate,0
41003.0,0,0,51,No,Postgraduate,3
19444.0,1,0,32,Yes,Graduate,2
36301.0,1,0,38,Yes,Undergraduate,2
73059.0,0,1,67,Yes,Postgraduate,4
42731.0,1,0,45,Yes,Postgraduate,2
52854.0,1,1,55,Yes,Postgraduate,4
22775.0,1,0,36,Yes,Graduate,2
46681.0,0,2,66,Yes,Postgraduate,4
59821.0,0,1,59,Yes,Postgraduate,4
50002.0,0,1,60,No,Graduate,3
69755.0,0,0,69,Yes,Graduate,4
44078.0,1,1,45,Yes,Graduate,2
30560.0,1,0,38,Yes,Postgraduate,2
35924.0,1,1,45,Yes,Postgraduate,2
64140.0,0,2,50,No,Postgraduate,3
56386.0,1,1,33,Yes,Graduate,1
24594.0,1,0,35,Yes,Undergraduate,2
75774.0,1,0,33,Yes,Undergraduate,1
39228.0,0,0,54,No,Postgraduate,3
58494.0,0,1,40,Yes,Postgraduate,1
58684.0,0,0,33,No,Graduate,0
57136.0,0,0,47,No,Graduate,3
56551.0,1,1,64,No,Postgraduate,3
22448.0,1,0,32,Yes,Graduate,2
82014.0,0,0,53,No,Graduate,3
34213.0,1,1,51,No,Graduate,0
117416.25,0,0,37,Yes,Graduate,1
25358.0,0,1,67,No,Postgraduate,3
35544.0,1,0,36,No,Postgraduate,0
36634.0,0,1,60,Yes,Postgraduate,4
62670.0,0,1,60,Yes,Postgraduate,4
50334.0,0,1,42,Yes,Undergraduate,2
72066.0,0,0,33,No,Graduate,1
50729.0,1,1,56,No,Postgraduate,3
34916.0,2,0,46,Yes,Graduate,2
64892.0,0,1,38,No,Graduate,1
43602.0,1,1,48,No,Graduate,0
33996.0,0,0,25,No,Postgraduate,0
41473.0,1,0,29,No,Undergraduate,0
63246.0,0,2,47,Yes,Postgraduate,4
36732.0,1,1,55,Yes,Postgraduate,4
69084.0,1,0,44,Yes,Postgraduate,1
77766.0,0,1,47,Yes,Postgraduate,1
37929.0,0,0,29,No,Postgraduate,0
86610.0,0,0,63,Yes,Graduate,4
80141.0,0,0,28,Yes,Postgraduate,1
72635.0,0,0,59,Yes,Undergraduate,4
69016.0,0,1,44,Yes,Graduate,1
20193.0,0,0,23,Yes,Undergraduate,2
27573.0,1,0,39,Yes,Graduate,2
15862.0,1,0,35,No,Undergraduate,0
49544.0,1,0,38,Yes,Postgraduate,2
33228.0,1,0,34,Yes,Graduate,2
70440.0,0,0,36,Yes,Graduate,1
38232.0,1,1,43,Yes,Graduate,2
22554.0,1,1,59,Yes,Postgraduate,4
23536.0,1,0,31,Yes,Postgraduate,2
49413.0,0,1,62,Yes,Graduate,4
42231.0,1,1,45,Yes,Graduate,2
78789.0,0,0,34,No,Postgraduate,1
56534.0,0,1,46,Yes,Graduate,4
58350.0,0,1,43,No,Graduate,3
81217.0,0,0,25,No,Graduate,1
49090.0,0,1,63,No,Graduate,3
61787.0,0,0,27,No,Postgraduate,1
18169.0,1,0,29,Yes,Postgraduate,2
24336.0,1,0,33,No,Undergraduate,0
18222.0,0,0,24,Yes,Graduate,2
62335.0,0,1,62,No,Graduate,3
42033.0,1,1,43,Yes,Undergraduate,2
86580.0,0,0,31,Yes,Postgraduate,1
41437.0,1,1,57,No,Postgraduate,3
73705.0,0,2,63,No,Postgraduate,3
61064.0,0,1,38,Yes,Graduate,1
38452.0,1,1,59,Yes,Postgraduate,4
18358.0,1,0,25,No,Graduate,0
55012.0,0,1,41,Yes,Postgraduate,1
9722.0,1,0,41,Yes,Undergraduate,2
38175.0,1,0,30,Yes,Postgraduate,2
58656.0,0,1,58,Yes,Postgraduate,4
52117.0,0,1,49,Yes,Graduate,4
64813.0,1,0,36,Yes,Graduate,1
54222.0,0,1,41,Yes,Postgraduate,1
83512.0,0,0,28,Yes,Graduate,1
77520.0,0,1,55,Yes,Postgraduate,4
41154.0,0,1,36,Yes,Graduate,2
80398.0,0,0,48,Yes,Graduate,1
18746.0,1,0,22,No,Undergraduate,0
35196.0,1,0,30,Yes,Graduate,2
60230.0,0,1,58,No,Graduate,3
22108.0,1,1,37,Yes,Graduate,2
44392.0,1,1,40,Yes,Graduate,2
55424.0,0,1,38,Yes,Postgraduate,1
17688.0,1,0,35,Yes,Graduate,2
92491.0,0,0,31,Yes,Postgraduate,1
90273.0,0,0,23,No,Graduate,1
82571.0,0,0,52,No,Postgraduate,3
38513.0,1,0,32,No,Postgraduate,0
16653.0,1,0,35,No,Postgraduate,0
42586.0,1,1,59,Yes,Graduate,4
23529.0,0,1,49,No,Undergraduate,0
74881.0,1,1,53,Yes,Postgraduate,4
71107.0,0,1,63,Yes,Graduate,4
46910.0,1,1,50,Yes,Postgraduate,4
18690.0,0,0,55,Yes,Graduate,2
37244.0,1,1,59,No,Graduate,3
82427.0,0,0,48,Yes,Graduate,1
75342.0,0,1,56,No,Undergraduate,3
70044.0,0,1,60,No,Graduate,3
79146.0,1,1,47,No,Graduate,3
77437.0,0,0,51,Yes,Graduate,4
54984.0,0,1,55,Yes,Graduate,4
42403.0,1,0,43,Yes,Postgraduate,2
55761.0,0,1,50,Yes,Graduate,4
37292.0,1,0,31,Yes,Graduate,2
45576.0,0,0,69,No,Postgraduate,3
70321.0,0,0,67,Yes,Graduate,4
58086.0,0,1,45,No,Postgraduate,3
81795.0,0,0,62,Yes,Graduate,4
28389.0,0,0,67,Yes,Undergraduate,4
66835.0,0,0,68,Yes,Postgraduate,4
69901.0,0,1,45,No,Graduate,3
80360.0,0,0,65,Yes,Postgraduate,4
63342.0,0,1,53,Yes,Postgraduate,4
44989.0,0,1,40,Yes,Graduate,2
31859.0,1,0,34,No,Undergraduate,0
51569.0,0,1,65,No,Postgraduate,3
30372.0,1,1,43,No,Graduate,0
16014.0,1,1,35,No,Undergraduate,0
41120.0,1,1,46,Yes,Graduate,2
39763.0,1,0,43,No,Postgraduate,0
38725.0,1,1,59,Yes,Postgraduate,4
77981.0,1,0,42,Yes,Graduate,1
62905.0,0,1,50,Yes,Undergraduate,4
13533.0,1,0,35,No,Undergraduate,0
59481.0,0,1,39,Yes,Graduate,1
72117.0,0,1,37,Yes,Graduate,1
21955.0,1,0,28,Yes,Undergraduate,2
67131.0,0,1,58,Yes,Graduate,4
36802.0,1,0,34,No,Postgraduate,0
71853.0,0,0,32,Yes,Graduate,1
28249.0,0,0,53,Yes,Undergraduate,2
47808.0,0,1,39,Yes,Postgraduate,2
25509.0,1,0,40,No,Postgraduate,0
51012.0,0,0,68,Yes,Postgraduate,4
70596.0,0,0,29,No,Graduate,1
85431.0,0,0,62,Yes,Postgraduate,4
42664.0,0,1,47,Yes,Graduate,2
42586.0,1,1,59,Yes,Graduate,4
29760.0,1,0,29,No,Graduate,0
28973.0,0,0,37,Yes,Postgraduate,2
39435.0,1,0,41,Yes,Postgraduate,2
65370.0,0,0,30,Yes,Undergraduate,1
20194.0,1,0,35,No,Undergraduate,0
42473.0,1,1,38,No,Postgraduate,0
64590.0,0,0,46,Yes,Graduate,1
71232.0,0,1,55,Yes,Graduate,4
34600.0,1,1,43,Yes,Graduate,2
46904.0,1,1,47,No,Graduate,0
49094.0,0,1,41,Yes,Graduate,2
36075.0,1,0,31,Yes,Graduate,2
60839.0,1,1,35,Yes,Undergraduate,1
77298.0,0,1,35,Yes,Graduate,1
34026.0,1,1,64,Yes,Graduate,4
48918.0,1,1,51,No,Postgraduate,3
82122.0,0,0,52,Yes,Undergraduate,4
37697.0,1,0,38,No,Graduate,0
34074.0,1,1,62,Yes,Graduate,4
28520.0,1,1,54,Yes,Postgraduate,2
62535.0,0,1,59,No,Graduate,3
36273.0,1,0,37,No,Postgraduate,0
63404.0,0,2,50,Yes,Graduate,4
75774.0,1,0,33,Yes,Undergraduate,1
78416.0,0,1,38,Yes,Graduate,1
75702.0,0,1,40,Yes,Graduate,1
59385.0,1,1,63,Yes,Postgraduate,4
37070.0,1,1,48,No,Graduate,0
44689.0,1,1,63,Yes,Graduate,4
53977.0,0,1,56,Yes,Graduate,4
7144.0,0,2,48,No,Postgraduate,0
18701.0,1,1,50,No,Graduate,0
90369.0,0,0,58,Yes,Graduate,4
63159.0,0,0,40,No,Postgraduate,1
37758.0,1,1,48,Yes,Graduate,2
46757.0,0,1,51,No,Postgraduate,3
79734.0,0,0,45,Yes,Postgraduate,1
63207.0,0,0,22,Yes,Graduate,1
72071.0,0,1,60,No,Graduate,3
21840.0,1,0,31,Yes,Postgraduate,2
58582.0,0,1,32,Yes,Undergraduate,1
72282.0,0,0,63,No,Graduate,3
50387.0,0,2,58,Yes,Graduate,4
32583.0,1,1,53,Yes,Postgraduate,4
62568.0,0,1,52,Yes,Graduate,4
44635.0,1,1,43,No,Postgraduate,0
33316.0,1,1,43,No,Postgraduate,0
63967.0,0,1,46,Yes,Graduate,1
52513.0,0,0,36,Yes,Undergraduate,2
25293.0,1,0,45,Yes,Graduate,2
54111.0,0,1,49,No,Postgraduate,3
78394.0,0,0,28,Yes,Graduate,1
80739.0,0,0,56,Yes,Postgraduate,4
22669.0,1,0,39,Yes,Postgraduate,2
29236.0,1,0,27,No,Graduate,0
44911.0,0,1,55,Yes,Graduate,4
54693.0,0,1,52,Yes,Postgraduate,4
48186.0,1,0,40,Yes,Graduate,2
54809.0,1,1,37,Yes,Graduate,1
41580.0,1,1,36,Yes,Graduate,2
80336.0,0,0,44,Yes,Postgraduate,1
47743.0,0,1,57,Yes,Graduate,4
62972.0,0,1,59,Yes,Undergraduate,4
57333.0,0,1,60,No,Postgraduate,3
32313.0,1,0,32,Yes,Postgraduate,2
84953.0,0,0,61,No,Postgraduate,3
27071.0,1,0,46,No,Postgraduate,0
68148.0,0,0,57,Yes,Postgraduate,4
65735.0,1,1,49,Yes,Postgraduate,4
86836.0,0,0,39,Yes,Postgraduate,1
4023.0,1,1,51,Yes,Postgraduate,2
30093.0,0,0,24,Yes,Graduate,2
57705.0,0,1,48,Yes,Postgraduate,4
25008.0,1,0,26,No,Graduate,0
83257.0,0,0,19,No,Undergraduate,1
22280.0,1,0,39,Yes,Graduate,2
72159.0,0,0,36,Yes,Postgraduate,1
64260.0,0,0,53,Yes,Graduate,4
82733.0,0,0,30,No,Postgraduate,1
74290.0,0,1,43,No,Postgraduate,1
58217.0,2,1,63,No,Postgraduate,3
21024.0,0,0,38,Yes,Postgraduate,2
70116.0,0,0,42,Yes,Postgraduate,1
54006.0,1,0,29,Yes,Graduate,1
69063.0,0,1,48,Yes,Postgraduate,4
11448.0,0,0,39,No,Undergraduate,0
61825.0,0,1,35,No,Graduate,1
70886.0,1,0,43,Yes,Graduate,1
69109.0,0,0,32,Yes,Graduate,1
60208.0,1,1,41,No,Graduate,0
32889.0,1,1,46,Yes,Postgraduate,2
34738.0,1,0,30,No,Graduate,0
30538.0,1,0,43,Yes,Postgraduate,2
82326.0,0,0,37,Yes,Undergraduate,1
26642.0,1,0,47,No,Postgraduate,0
69932.0,0,1,50,No,Graduate,3
44503.0,1,1,42,No,Graduate,0
60200.0,0,1,66,No,Postgraduate,3
49638.0,0,1,62,No,Graduate,3
23830.0,0,0,27,No,Undergraduate,0
33051.0,0,0,55,No,Postgraduate,3
72905.0,0,0,56,Yes,Graduate,4
69702.0,0,1,63,Yes,Postgraduate,4
70300.0,1,0,39,No,Graduate,1
70643.0,0,0,30,Yes,Postgraduate,1
30396.0,1,0,45,Yes,Postgraduate,2
50616.0,0,1,46,No,Postgraduate,3
62772.0,0,1,45,No,Postgraduate,3
30298.0,0,0,29,No,Postgraduate,0
52413.0,1,0,30,No,Graduate,0
44155.0,1,1,57,Yes,Postgraduate,4
86979.0,0,0,43,No,Postgraduate,1
76532.0,1,1,39,Yes,Graduate,1
42081.0,1,0,32,Yes,Graduate,2
67546.0,0,0,26,Yes,Postgraduate,1
88420.0,0,0,25,Yes,Postgraduate,1
31158.0,1,0,29,Yes,Graduate,2
61671.0,0,1,46,No,Graduate,3
69719.0,0,0,40,No,Graduate,1
49160.0,0,1,65,No,Graduate,3
24882.0,1,0,36,Yes,Undergraduate,2
90933.0,0,0,60,No,Postgraduate,3
113734.0,0,0,69,No,Postgraduate,3
59292.0,0,1,64,Yes,Postgraduate,4
45759.0,1,1,50,Yes,Postgraduate,4
22148.0,0,0,31,No,Graduate,0
73395.0,0,0,27,Yes,Postgraduate,1
29819.0,1,0,43,No,Graduate,0
45688.0,0,1,46,Yes,Graduate,2
62820.0,0,0,60,Yes,Graduate,4
60491.0,0,1,43,Yes,Postgraduate,1
33235.0,1,0,28,Yes,Graduate,2
35701.0,0,0,55,Yes,Graduate,4
31535.0,1,0,34,Yes,Postgraduate,2
92556.0,0,0,54,Yes,Undergraduate,4
67384.0,0,1,44,No,Graduate,3
80573.0,0,0,43,Yes,Postgraduate,1
77870.0,0,1,47,Yes,Graduate,1
52278.0,0,1,51,No,Postgraduate,3
57107.0,0,1,46,No,Graduate,3
18929.0,0,0,24,Yes,Graduate,2
36038.0,1,0,33,No,Postgraduate,0
20180.0,0,0,38,No,Graduate,0
34230.0,1,1,49,Yes,Postgraduate,2
31878.0,0,1,37,No,Undergraduate,0
70932.0,0,1,42,Yes,Undergraduate,1
91249.0,0,0,58,No,Graduate,3
77598.0,0,0,71,No,Postgraduate,3
80982.0,1,1,55,No,Graduate,3
22701.0,1,0,37,Yes,Postgraduate,2
55212.0,0,1,45,Yes,Postgraduate,4
70617.0,0,0,44,Yes,Graduate,1
64849.0,0,0,57,No,Graduate,3
62694.0,1,1,49,Yes,Postgraduate,4
61917.0,1,1,40,Yes,Postgraduate,1
67472.0,0,1,67,Yes,Postgraduate,4
21059.0,1,0,32,Yes,Postgraduate,2
29543.0,2,0,46,Yes,Postgraduate,2
75903.0,0,1,63,Yes,Graduate,4
34984.0,1,1,39,Yes,Undergraduate,2
54998.0,0,1,58,No,Postgraduate,3
54356.0,0,1,65,No,Postgraduate,3
34242.0,0,1,55,Yes,Postgraduate,4
25410.0,1,0,41,Yes,Graduate,2
73356.0,0,0,30,Yes,Postgraduate,1
28320.0,0,1,64,Yes,Graduate,4
23763.0,1,0,37,No,Graduate,0
72570.0,0,0,30,Yes,Graduate,1
34529.0,1,0,38,Yes,Postgraduate,2
70792.0,0,0,63,No,Graduate,3
63211.0,0,0,32,Yes,Graduate,1
83891.0,0,1,40,Yes,Postgraduate,1
36065.0,1,1,46,No,Graduate,0
39898.0,0,1,60,Yes,Graduate,4
51141.0,0,0,74,No,Postgraduate,3
56939.0,0,1,38,Yes,Graduate,1
80872.0,0,0,63,No,Graduate,3
72335.0,0,0,38,Yes,Postgraduate,1
61798.0,0,0,50,No,Postgraduate,3
76842.0,0,0,64,No,Postgraduate,3
29478.0,1,0,38,Yes,Graduate,2
46998.0,0,1,58,No,Graduate,3
96843.0,0,0,24,No,Graduate,1
56551.0,1,1,64,No,Postgraduate,3
70053.0,0,1,49,Yes,Postgraduate,4
71670.0,0,0,52,No,Postgraduate,3
44359.0,1,1,36,Yes,Graduate,2
40887.0,1,1,62,No,Graduate,3
48877.0,0,1,48,No,Graduate,3
74485.0,0,0,67,Yes,Graduate,4
64474.0,0,1,42,Yes,Graduate,1
77226.0,0,1,51,Yes,Graduate,4
72643.0,0,0,65,No,Graduate,3
85738.0,0,0,36,Yes,Postgraduate,1
55686.0,0,1,48,No,Graduate,3
39062.0,1,0,31,No,Graduate,0
34600.0,1,1,43,Yes,Graduate,2
40794.0,0,1,39,Yes,Graduate,2
54690.0,1,1,43,Yes,Undergraduate,2
4428.0,0,1,45,Yes,Graduate,2
32632.0,0,0,51,Yes,Undergraduate,2
38236.0,1,1,46,No,Postgraduate,0
36781.0,1,0,35,Yes,Graduate,2
31385.0,1,0,30,No,Postgraduate,0
24570.0,1,0,30,Yes,Graduate,2
25509.0,1,0,40,No,Postgraduate,0
94642.0,0,0,63,Yes,Graduate,4
58646.0,0,1,52,Yes,Postgraduate,4
53201.0,1,1,39,No,Graduate,0
21994.0,0,1,57,Yes,Graduate,2
57113.0,1,1,36,Yes,Graduate,1
51373.0,0,0,23,Yes,Graduate,2
23477.0,1,0,28,Yes,Graduate,2
58116.0,0,1,58,Yes,Graduate,4
72968.0,0,0,51,No,Postgraduate,3
39791.0,0,1,43,Yes,Postgraduate,2
91712.0,0,0,67,No,Postgraduate,3
94472.0,0,1,56,No,Graduate,3
13672.0,1,1,54,Yes,Graduate,2
96547.0,0,0,34,Yes,Undergraduate,1
79205.0,0,0,39,Yes,Graduate,1
56559.0,0,1,39,Yes,Postgraduate,1
32644.0,1,0,41,Yes,Postgraduate,2
67506.0,0,1,34,No,Undergraduate,1
24206.0,1,0,44,No,Graduate,0
28420.0,1,0,47,No,Postgraduate,0
22979.0,1,0,44,Yes,Graduate,2
33279.0,0,0,48,No,Graduate,0
46423.0,1,1,42,No,Postgraduate,0
30368.0,0,1,37,Yes,Graduate,2
63684.0,0,1,44,Yes,Graduate,1
41638.0,0,1,50,No,Graduate,0
68805.0,0,1,55,No,Postgraduate,3
65814.0,0,1,48,Yes,Postgraduate,4
71964.0,0,0,56,No,Graduate,3
39146.0,1,0,28,No,Graduate,0
96876.0,0,0,37,Yes,Graduate,1
34445.0,0,0,33,Yes,Undergraduate,2
68281.0,0,0,56,No,Graduate,3
37284.0,1,1,39,Yes,Undergraduate,2
36790.0,0,0,31,Yes,Graduate,2
27943.0,1,1,47,Yes,Graduate,2
22263.0,1,1,63,No,Graduate,3
30261.0,1,2,42,Yes,Graduate,2
28587.0,1,0,36,Yes,Graduate,2
43815.0,1,0,32,Yes,Postgraduate,2
48195.0,1,1,58,Yes,Graduate,4
77027.0,0,1,62,Yes,Postgraduate,4
71322.0,0,1,49,Yes,Postgraduate,4
32765.0,1,0,35,Yes,Postgraduate,2
29672.0,1,1,49,Yes,Graduate,2
23272.0,0,0,61,No,Graduate,3
49912.0,0,1,65,Yes,Postgraduate,4
7500.0,1,0,29,Yes,Undergraduate,2
68117.0,0,1,67,No,Postgraduate,3
67225.0,0,1,59,Yes,Graduate,4
17649.0,1,0,38,Yes,Graduate,2
55914.0,0,1,39,Yes,Graduate,1
40059.0,1,0,30,Yes,Graduate,2
60905.0,0,1,64,Yes,Graduate,4
75330.0,1,1,37,Yes,Graduate,1
60689.0,0,1,63,No,Graduate,3
38680.0,1,0,30,Yes,Graduate,2
61416.0,0,0,32,Yes,Graduate,1
49767.0,0,0,23,No,Graduate,0
83273.0,1,2,44,No,Graduate,1
29009.0,1,0,33,Yes,Graduate,2
45057.0,1,0,35,Yes,Postgraduate,2
37150.0,1,0,43,Yes,Graduate,2
43020.0,1,0,44,No,Graduate,0
53154.0,0,1,55,Yes,Graduate,4
65308.0,0,0,41,Yes,Graduate,1
76467.0,1,0,44,No,Graduate,1
81044.0,0,0,67,Yes,Undergraduate,4
32871.0,1,1,63,Yes,Graduate,4
55801.0,1,1,39,No,Graduate,0
76320.0,0,1,55,No,Graduate,3
36927.0,1,1,59,No,Postgraduate,3
48794.0,1,1,61,Yes,Graduate,4
23478.0,0,0,49,No,Graduate,0
71128.0,1,0,41,No,Graduate,1
70179.0,0,1,38,No,Postgraduate,1
59462.0,0,1,64,Yes,Graduate,4
51381.5,1,1,45,Yes,Postgraduate,4
38361.0,1,0,45,Yes,Graduate,2
51381.5,1,0,33,No,Postgraduate,0
70038.0,0,0,32,Yes,Postgraduate,1
42554.0,1,1,36,Yes,Graduate,2
67445.0,0,1,40,Yes,Graduate,1
67046.0,0,1,63,No,Graduate,3
42192.0,0,0,66,Yes,Graduate,4
77610.0,0,1,62,Yes,Postgraduate,4
31761.0,1,0,30,Yes,Graduate,2
34350.0,1,0,35,Yes,Graduate,2
54591.0,0,1,65,Yes,Graduate,4
71866.0,0,1,58,Yes,Graduate,4
25293.0,1,0,45,Yes,Graduate,2
42000.0,0,0,27,No,Postgraduate,0
69520.0,0,0,31,Yes,Graduate,1
64713.0,1,0,44,No,Graduate,3
27889.0,1,0,37,Yes,Postgraduate,2
22123.0,0,0,54,No,Undergraduate,0
51381.5,1,1,43,Yes,Graduate,2
51381.5,0,1,60,Yes,Postgraduate,4
27803.0,1,0,41,Yes,Graduate,2
51381.5,0,1,59,No,Graduate,3
51651.0,0,1,54,Yes,Graduate,4
68487.0,0,0,26,Yes,Graduate,1
51381.5,0,0,71,No,Postgraduate,3
56796.0,0,1,45,Yes,Graduate,4
87000.0,0,0,22,Yes,Undergraduate,1
79823.0,0,1,55,Yes,Graduate,4
30828.0,1,0,34,No,Graduate,0
34109.0,0,1,43,Yes,Postgraduate,2
53367.0,1,1,40,No,Postgraduate,0
22390.0,0,0,45,Yes,Undergraduate,2
71322.0,0,1,38,Yes,Graduate,1
79244.0,0,0,21,No,Graduate,1
49912.0,0,1,65,Yes,Postgraduate,4
48699.0,1,1,64,Yes,Postgraduate,4
80144.0,0,0,39,Yes,Graduate,1
54252.0,1,1,58,No,Graduate,3
81929.0,1,0,38,Yes,Postgraduate,1
76068.0,0,1,39,Yes,Graduate,1
53204.0,1,1,38,Yes,Postgraduate,1
67911.0,0,1,65,Yes,Postgraduate,4
14796.0,1,0,30,Yes,Undergraduate,2
78128.0,0,1,40,Yes,Postgraduate,1
14188.0,0,0,42,Yes,Undergraduate,2
20425.0,1,0,28,Yes,Undergraduate,2
58646.0,0,1,52,Yes,Postgraduate,4
72967.0,0,1,44,No,Graduate,3
48150.0,0,1,65,Yes,Postgraduate,4
82332.0,0,0,53,No,Graduate,3
58275.0,1,1,59,No,Graduate,3
44953.0,0,0,33,Yes,Postgraduate,2
34587.0,1,1,61,Yes,Graduate,4
43018.0,0,1,40,Yes,Postgraduate,2
45736.0,0,1,60,Yes,Postgraduate,4
66476.0,0,1,45,Yes,Postgraduate,1
27733.0,1,0,33,Yes,Undergraduate,2
69805.0,0,1,62,Yes,Postgraduate,4
72217.0,0,0,52,No,Postgraduate,3
25818.0,1,0,43,No,Graduate,0
37509.0,1,0,38,Yes,Postgraduate,2
25176.0,1,1,38,Yes,Undergraduate,2
43586.0,0,1,34,Yes,Graduate,2
53230.0,0,1,58,Yes,Undergraduate,4
50116.0,1,1,57,Yes,Graduate,4
84906.0,0,0,42,Yes,Graduate,1
61286.0,0,1,48,Yes,Graduate,4
82333.0,0,0,28,Yes,Postgraduate,1
65220.0,0,0,49,Yes,Postgraduate,4
33590.0,2,1,40,Yes,Graduate,2
30992.0,1,0,38,No,Graduate,0
72309.0,0,0,38,No,Postgraduate,1
117416.25,0,0,65,Yes,Postgraduate,4
16005.0,1,0,34,Yes,Undergraduate,2
65487.0,0,0,57,No,Postgraduate,3
58692.0,0,1,49,Yes,Graduate,4
40590.0,1,1,45,No,Graduate,0
20587.0,1,0,44,No,Graduate,0
62637.0,0,1,60,No,Postgraduate,3
29435.0,1,1,48,No,Postgraduate,0
19346.0,1,0,40,No,Graduate,0
35788.0,1,1,43,Yes,Graduate,2
36997.0,1,1,46,No,Graduate,0
23539.0,0,0,57,Yes,Graduate,2
65333.0,0,1,41,No,Graduate,1
78499.0,0,0,57,No,Graduate,3
29732.0,1,0,43,Yes,Postgraduate,2
41275.0,1,2,54,Yes,Postgraduate,4
63516.0,1,1,41,Yes,Postgraduate,1
42769.0,0,1,52,Yes,Postgraduate,4
49572.0,1,1,56,Yes,Postgraduate,4
69209.0,0,0,42,Yes,Graduate,1
17148.0,1,0,38,Yes,Graduate,2
40590.0,1,1,45,No,Graduate,0
30560.0,1,0,38,Yes,Postgraduate,2
32146.0,1,0,31,Yes,Undergraduate,2
41713.0,1,1,50,No,Undergraduate,0
34176.0,0,1,39,Yes,Postgraduate,2
58482.0,0,1,59,Yes,Postgraduate,4
59686.0,0,1,49,No,Graduate,3
60896.0,0,1,50,Yes,Postgraduate,4
62994.0,1,0,34,Yes,Graduate,1
47320.0,0,1,57,Yes,Graduate,4
74859.0,0,0,65,No,Undergraduate,3
15253.0,1,0,22,No,Undergraduate,0
31560.0,1,0,40,No,Postgraduate,0
72071.0,0,1,60,No,Graduate,3
91172.0,0,0,24,No,Postgraduate,1
90000.0,0,0,30,Yes,Graduate,1
41967.0,1,1,33,No,Graduate,0
69263.0,0,1,49,No,Graduate,3
65706.0,0,0,44,No,Undergraduate,3
60934.0,0,1,39,Yes,Graduate,1
71965.0,0,1,63,Yes,Graduate,4
65210.0,0,1,59,Yes,Graduate,4
79174.0,0,0,39,Yes,Postgraduate,1
81380.0,0,0,47,No,Postgraduate,3
48432.0,0,1,41,No,Postgraduate,0
52914.0,0,1,43,Yes,Graduate,2
38946.0,0,1,59,Yes,Graduate,4
26067.0,1,0,40,Yes,Graduate,2
44325.0,0,1,42,Yes,Postgraduate,2
42523.0,0,0,50,Yes,Graduate,2
26487.0,1,0,36,No,Undergraduate,0
53233.0,0,1,57,Yes,Undergraduate,4
67716.0,0,1,54,Yes,Graduate,4
76234.0,0,1,42,Yes,Postgraduate,1
84117.0,0,0,58,Yes,Postgraduate,4
65487.0,0,0,57,Yes,Postgraduate,4
25224.0,1,0,42,Yes,Undergraduate,2
89616.0,0,0,31,No,Postgraduate,1
40851.0,1,1,43,No,Graduate,0
27469.0,0,0,67,Yes,Graduate,4
82347.0,0,0,57,Yes,Undergraduate,4
73803.0,0,1,57,Yes,Graduate,4
8820.0,1,1,62,No,Postgraduate,0
43322.0,0,0,40,No,Graduate,0
55593.0,0,1,41,Yes,Graduate,1
50501.0,1,1,60,Yes,Graduate,4
37085.0,1,1,39,Yes,Graduate,2
16185.0,1,0,24,No,Undergraduate,0
57731.0,0,1,45,No,Graduate,3
48432.0,0,1,41,No,Postgraduate,0
73807.0,0,1,36,Yes,Graduate,1
18929.0,0,0,24,Yes,Graduate,2
35893.0,1,1,46,No,Graduate,0
61014.0,0,1,34,Yes,Graduate,1
32144.0,1,1,60,Yes,Graduate,4
14918.0,0,1,51,Yes,Undergraduate,2
45146.0,1,1,51,No,Graduate,3
41769.0,0,1,59,No,Undergraduate,3
88325.0,0,0,33,Yes,Graduate,1
38054.0,1,1,64,No,Postgraduate,3
80617.0,0,0,19,No,Undergraduate,1
5305.0,0,1,38,Yes,Graduate,2
36807.0,1,1,60,Yes,Graduate,4
28427.0,1,0,31,Yes,Graduate,2
82032.0,0,0,66,No,Postgraduate,3
22775.0,1,0,36,Yes,Graduate,2
40101.0,1,0,29,Yes,Postgraduate,2
58025.0,0,1,35,Yes,Graduate,1
75777.0,0,0,32,No,Postgraduate,1
7500.0,1,0,35,Yes,Undergraduate,2
33562.0,1,2,51,Yes,Postgraduate,2
57642.0,0,1,44,No,Postgraduate,3
58554.0,1,1,46,Yes,Graduate,4
63777.0,1,1,35,Yes,Graduate,1
57967.0,0,1,52,No,Graduate,3
51381.5,0,0,36,Yes,Undergraduate,2
24434.0,2,0,42,Yes,Graduate,2
11012.0,1,0,30,No,Graduate,0
44802.0,0,0,44,No,Postgraduate,0
26816.0,0,0,28,No,Graduate,0
117416.25,1,0,37,Yes,Graduate,1
34421.0,1,0,40,Yes,Graduate,2
61223.0,0,1,47,Yes,Graduate,4
64014.0,2,1,68,Yes,Postgraduate,4
56981.0,0,0,33,No,Graduate,0
69245.0,0,1,58,Yes,Postgraduate,4
52869.0,1,1,60,Yes,Postgraduate,4
